,연월일,기온,품질,균질
0,2006/1/1,3.6,8,1
1,2006/1/2,4.0,8,1
2,2006/1/3,3.7,8,1
3,2006/1/4,4.0,8,1
4,2006/1/5,3.6,8,1
5,2006/1/6,2.1,8,1
6,2006/1/7,2.8,8,1
7,2006/1/8,4.2,8,1
8,2006/1/9,3.7,8,1
9,2006/1/10,4.3,8,1
10,2006/1/11,6.1,8,1
11,2006/1/12,6.1,8,1
12,2006/1/13,4.0,8,1
13,2006/1/14,6.6,8,1
14,2006/1/15,10.7,8,1
15,2006/1/16,9.0,8,1
16,2006/1/17,8.0,8,1
17,2006/1/18,5.6,8,1
18,2006/1/19,4.2,8,1
19,2006/1/20,4.0,8,1
20,2006/1/21,1.3,8,1
21,2006/1/22,3.1,8,1
22,2006/1/23,2.5,8,1
23,2006/1/24,4.4,8,1
24,2006/1/25,5.5,8,1
25,2006/1/26,6.0,8,1
26,2006/1/27,6.8,8,1
27,2006/1/28,5.5,8,1
28,2006/1/29,6.0,8,1
29,2006/1/30,8.4,8,1
30,2006/1/31,7.1,8,1
31,2006/2/1,5.7,8,1
32,2006/2/2,7.8,8,1
33,2006/2/3,6.0,8,1
34,2006/2/4,1.6,8,1
35,2006/2/5,1.9,8,1
36,2006/2/6,2.0,8,1
37,2006/2/7,3.6,8,1
38,2006/2/8,7.9,8,1
39,2006/2/9,4.6,8,1
40,2006/2/10,5.6,8,1
41,2006/2/11,7.5,8,1
42,2006/2/12,4.6,8,1
43,2006/2/13,5.7,8,1
44,2006/2/14,10.5,8,1
45,2006/2/15,14.1,8,1
46,2006/2/16,7.5,8,1
47,2006/2/17,7.0,8,1
48,2006/2/18,4.4,8,1
49,2006/2/19,7.0,8,1
50,2006/2/20,6.4,8,1
51,2006/2/21,8.0,8,1
52,2006/2/22,10.8,8,1
53,2006/2/23,11.2,8,1
54,2006/2/24,6.5,8,1
55,2006/2/25,7.8,8,1
56,2006/2/26,7.5,8,1
57,2006/2/27,8.6,8,1
58,2006/2/28,4.6,8,1
59,2006/3/1,5.7,8,1
60,2006/3/2,8.2,8,1
61,2006/3/3,6.4,8,1
62,2006/3/4,6.7,8,1
63,2006/3/5,8.3,8,1
64,2006/3/6,11.8,8,1
65,2006/3/7,9.9,8,1
66,2006/3/8,12.3,8,1
67,2006/3/9,8.9,8,1
68,2006/3/10,8.0,8,1
69,2006/3/11,11.6,8,1
70,2006/3/12,13.8,8,1
71,2006/3/13,5.5,8,1
72,2006/3/14,5.3,8,1
73,2006/3/15,8.4,8,1
74,2006/3/16,11.7,8,1
75,2006/3/17,13.2,8,1
76,2006/3/18,12.3,8,1
77,2006/3/19,9.7,8,1
78,2006/3/20,8.5,8,1
79,2006/3/21,11.7,8,1
80,2006/3/22,10.3,8,1
81,2006/3/23,10.4,8,1
82,2006/3/24,11.2,8,1
83,2006/3/25,10.7,8,1
84,2006/3/26,13.6,8,1
85,2006/3/27,12.3,8,1
86,2006/3/28,13.0,8,1
87,2006/3/29,9.8,8,1
88,2006/3/30,8.0,8,1
89,2006/3/31,8.0,8,1
90,2006/4/1,10.7,8,1
91,2006/4/2,13.3,8,1
92,2006/4/3,13.8,8,1
93,2006/4/4,15.2,8,1
94,2006/4/5,11.6,8,1
95,2006/4/6,11.6,8,1
96,2006/4/7,9.8,8,1
97,2006/4/8,12.5,8,1
98,2006/4/9,12.9,8,1
99,2006/4/10,10.4,8,1
100,2006/4/11,11.6,8,1
101,2006/4/12,15.1,8,1
102,2006/4/13,17.4,8,1
103,2006/4/14,13.0,8,1
104,2006/4/15,10.1,8,1
105,2006/4/16,9.6,8,1
106,2006/4/17,13.7,8,1
107,2006/4/18,16.4,8,1
108,2006/4/19,17.8,8,1
109,2006/4/20,16.3,8,1
110,2006/4/21,12.9,8,1
111,2006/4/22,13.7,8,1
112,2006/4/23,14.4,8,1
113,2006/4/24,16.4,8,1
114,2006/4/25,12.1,8,1
115,2006/4/26,14.0,8,1
116,2006/4/27,13.0,8,1
117,2006/4/28,15.9,8,1
118,2006/4/29,15.8,8,1
119,2006/4/30,18.3,8,1
120,2006/5/1,23.1,8,1
121,2006/5/2,15.5,8,1
122,2006/5/3,13.5,8,1
123,2006/5/4,16.7,8,1
124,2006/5/5,20.0,8,1
125,2006/5/6,20.4,8,1
126,2006/5/7,18.8,8,1
127,2006/5/8,16.1,8,1
128,2006/5/9,15.0,8,1
129,2006/5/10,18.8,8,1
130,2006/5/11,21.2,8,1
131,2006/5/12,17.2,8,1
132,2006/5/13,12.9,8,1
133,2006/5/14,15.7,8,1
134,2006/5/15,19.1,8,1
135,2006/5/16,18.7,8,1
136,2006/5/17,18.5,8,1
137,2006/5/18,17.3,8,1
138,2006/5/19,19.0,8,1
139,2006/5/20,23.7,8,1
140,2006/5/21,21.7,8,1
141,2006/5/22,20.4,8,1
142,2006/5/23,20.9,8,1
143,2006/5/24,20.2,8,1
144,2006/5/25,18.5,8,1
145,2006/5/26,19.4,8,1
146,2006/5/27,17.8,8,1
147,2006/5/28,20.4,8,1
148,2006/5/29,22.7,8,1
149,2006/5/30,21.9,8,1
150,2006/5/31,22.7,8,1
151,2006/6/1,23.1,8,1
152,2006/6/2,22.2,8,1
153,2006/6/3,19.2,8,1
154,2006/6/4,18.3,8,1
155,2006/6/5,19.0,8,1
156,2006/6/6,20.4,8,1
157,2006/6/7,20.2,8,1
158,2006/6/8,20.1,8,1
159,2006/6/9,19.3,8,1
160,2006/6/10,23.2,8,1
161,2006/6/11,19.4,8,1
162,2006/6/12,20.5,8,1
163,2006/6/13,21.5,8,1
164,2006/6/14,22.6,8,1
165,2006/6/15,22.2,8,1
166,2006/6/16,22.4,8,1
167,2006/6/17,24.5,8,1
168,2006/6/18,21.3,8,1
169,2006/6/19,23.7,8,1
170,2006/6/20,24.9,8,1
171,2006/6/21,23.3,8,1
172,2006/6/22,23.6,8,1
173,2006/6/23,23.4,8,1
174,2006/6/24,24.8,8,1
175,2006/6/25,23.5,8,1
176,2006/6/26,22.9,8,1
177,2006/6/27,24.8,8,1
178,2006/6/28,26.5,8,1
179,2006/6/29,27.4,8,1
180,2006/6/30,26.6,8,1
181,2006/7/1,26.1,8,1
182,2006/7/2,26.6,8,1
183,2006/7/3,26.0,8,1
184,2006/7/4,25.3,8,1
185,2006/7/5,23.1,8,1
186,2006/7/6,24.7,8,1
187,2006/7/7,25.8,8,1
188,2006/7/8,26.0,8,1
189,2006/7/9,24.7,8,1
190,2006/7/10,26.2,8,1
191,2006/7/11,27.5,8,1
192,2006/7/12,28.3,8,1
193,2006/7/13,28.9,8,1
194,2006/7/14,30.4,8,1
195,2006/7/15,30.2,8,1
196,2006/7/16,28.3,8,1
197,2006/7/17,24.0,8,1
198,2006/7/18,21.6,8,1
199,2006/7/19,21.1,8,1
200,2006/7/20,22.4,8,1
201,2006/7/21,21.4,8,1
202,2006/7/22,23.7,8,1
203,2006/7/23,24.3,8,1
204,2006/7/24,24.0,8,1
205,2006/7/25,24.6,8,1
206,2006/7/26,27.8,8,1
207,2006/7/27,27.0,8,1
208,2006/7/28,26.7,8,1
209,2006/7/29,28.0,8,1
210,2006/7/30,25.0,8,1
211,2006/7/31,23.6,8,1
212,2006/8/1,22.9,8,1
213,2006/8/2,24.9,8,1
214,2006/8/3,27.5,8,1
215,2006/8/4,28.9,8,1
216,2006/8/5,30.0,8,1
217,2006/8/6,29.1,8,1
218,2006/8/7,29.7,8,1
219,2006/8/8,26.5,8,1
220,2006/8/9,25.5,8,1
221,2006/8/10,28.5,8,1
222,2006/8/11,27.7,8,1
223,2006/8/12,25.9,8,1
224,2006/8/13,26.6,8,1
225,2006/8/14,28.5,8,1
226,2006/8/15,26.4,8,1
227,2006/8/16,26.9,8,1
228,2006/8/17,28.7,8,1
229,2006/8/18,29.3,8,1
230,2006/8/19,29.9,8,1
231,2006/8/20,28.7,8,1
232,2006/8/21,28.9,8,1
233,2006/8/22,28.6,8,1
234,2006/8/23,28.6,8,1
235,2006/8/24,28.7,8,1
236,2006/8/25,28.0,8,1
237,2006/8/26,25.2,8,1
238,2006/8/27,25.4,8,1
239,2006/8/28,26.0,8,1
240,2006/8/29,27.8,8,1
241,2006/8/30,27.0,8,1
242,2006/8/31,27.1,8,1
243,2006/9/1,23.2,8,1
244,2006/9/2,24.6,8,1
245,2006/9/3,26.1,8,1
246,2006/9/4,26.5,8,1
247,2006/9/5,28.5,8,1
248,2006/9/6,24.1,8,1
249,2006/9/7,25.3,8,1
250,2006/9/8,26.2,8,1
251,2006/9/9,27.1,8,1
252,2006/9/10,29.1,8,1
253,2006/9/11,26.0,8,1
254,2006/9/12,21.8,8,1
255,2006/9/13,18.7,8,1
256,2006/9/14,19.2,8,1
257,2006/9/15,21.5,8,1
258,2006/9/16,22.1,8,1
259,2006/9/17,21.5,8,1
260,2006/9/18,24.3,8,1
261,2006/9/19,27.1,8,1
262,2006/9/20,25.4,8,1
263,2006/9/21,24.3,8,1
264,2006/9/22,22.7,8,1
265,2006/9/23,21.3,8,1
266,2006/9/24,21.0,8,1
267,2006/9/25,21.2,8,1
268,2006/9/26,19.1,8,1
269,2006/9/27,20.1,8,1
270,2006/9/28,23.6,8,1
271,2006/9/29,22.3,8,1
272,2006/9/30,22.5,8,1
273,2006/10/1,20.7,8,1
274,2006/10/2,18.7,8,1
275,2006/10/3,22.1,8,1
276,2006/10/4,22.3,8,1
277,2006/10/5,20.0,8,1
278,2006/10/6,17.0,8,1
279,2006/10/7,20.9,8,1
280,2006/10/8,21.3,8,1
281,2006/10/9,21.2,8,1
282,2006/10/10,21.3,8,1
283,2006/10/11,22.0,8,1
284,2006/10/12,22.8,8,1
285,2006/10/13,20.3,8,1
286,2006/10/14,18.6,8,1
287,2006/10/15,17.6,8,1
288,2006/10/16,20.2,8,1
289,2006/10/17,20.8,8,1
290,2006/10/18,19.6,8,1
291,2006/10/19,20.2,8,1
292,2006/10/20,20.7,8,1
293,2006/10/21,19.5,8,1
294,2006/10/22,18.8,8,1
295,2006/10/23,16.4,8,1
296,2006/10/24,13.4,8,1
297,2006/10/25,17.0,8,1
298,2006/10/26,18.9,8,1
299,2006/10/27,18.1,8,1
300,2006/10/28,19.0,8,1
301,2006/10/29,19.0,8,1
302,2006/10/30,18.7,8,1
303,2006/10/31,18.7,8,1
304,2006/11/1,18.6,8,1
305,2006/11/2,16.6,8,1
306,2006/11/3,17.4,8,1
307,2006/11/4,17.4,8,1
308,2006/11/5,17.5,8,1
309,2006/11/6,18.7,8,1
310,2006/11/7,18.5,8,1
311,2006/11/8,15.2,8,1
312,2006/11/9,16.3,8,1
313,2006/11/10,18.0,8,1
314,2006/11/11,15.5,8,1
315,2006/11/12,13.1,8,1
316,2006/11/13,13.7,8,1
317,2006/11/14,16.9,8,1
318,2006/11/15,14.9,8,1
319,2006/11/16,12.9,8,1
320,2006/11/17,11.4,8,1
321,2006/11/18,11.7,8,1
322,2006/11/19,10.0,8,1
323,2006/11/20,12.7,8,1
324,2006/11/21,15.0,8,1
325,2006/11/22,14.9,8,1
326,2006/11/23,12.0,8,1
327,2006/11/24,10.8,8,1
328,2006/11/25,9.6,8,1
329,2006/11/26,10.0,8,1
330,2006/11/27,14.1,8,1
331,2006/11/28,12.6,8,1
332,2006/11/29,14.4,8,1
333,2006/11/30,11.2,8,1
334,2006/12/1,11.0,8,1
335,2006/12/2,11.4,8,1
336,2006/12/3,9.1,8,1
337,2006/12/4,8.6,8,1
338,2006/12/5,8.2,8,1
339,2006/12/6,9.1,8,1
340,2006/12/7,9.1,8,1
341,2006/12/8,10.7,8,1
342,2006/12/9,7.2,8,1
343,2006/12/10,9.5,8,1
344,2006/12/11,9.9,8,1
345,2006/12/12,7.7,8,1
346,2006/12/13,10.3,8,1
347,2006/12/14,11.3,8,1
348,2006/12/15,11.3,8,1
349,2006/12/16,13.0,8,1
350,2006/12/17,11.9,8,1
351,2006/12/18,8.6,8,1
352,2006/12/19,7.2,8,1
353,2006/12/20,8.6,8,1
354,2006/12/21,9.3,8,1
355,2006/12/22,9.5,8,1
356,2006/12/23,9.4,8,1
357,2006/12/24,9.5,8,1
358,2006/12/25,8.6,8,1
359,2006/12/26,8.1,8,1
360,2006/12/27,14.7,8,1
361,2006/12/28,11.5,8,1
362,2006/12/29,6.4,8,1
363,2006/12/30,6.8,8,1
364,2006/12/31,6.8,8,1
365,2007/1/1,5.8,8,1
366,2007/1/2,8.3,8,1
367,2007/1/3,8.6,8,1
368,2007/1/4,7.5,8,1
369,2007/1/5,7.1,8,1
370,2007/1/6,6.1,8,1
371,2007/1/7,8.7,8,1
372,2007/1/8,7.1,8,1
373,2007/1/9,7.0,8,1
374,2007/1/10,7.4,8,1
375,2007/1/11,7.4,8,1
376,2007/1/12,6.7,8,1
377,2007/1/13,6.9,8,1
378,2007/1/14,6.5,8,1
379,2007/1/15,7.9,8,1
380,2007/1/16,8.0,8,1
381,2007/1/17,7.0,8,1
382,2007/1/18,8.1,8,1
383,2007/1/19,7.5,8,1
384,2007/1/20,5.0,8,1
385,2007/1/21,6.7,8,1
386,2007/1/22,7.4,8,1
387,2007/1/23,8.2,8,1
388,2007/1/24,7.6,8,1
389,2007/1/25,7.9,8,1
390,2007/1/26,8.4,8,1
391,2007/1/27,10.1,8,1
392,2007/1/28,8.9,8,1
393,2007/1/29,7.7,8,1
394,2007/1/30,9.0,8,1
395,2007/1/31,10.3,8,1
396,2007/2/1,8.5,8,1
397,2007/2/2,6.3,8,1
398,2007/2/3,7.3,8,1
399,2007/2/4,7.4,8,1
400,2007/2/5,8.5,8,1
401,2007/2/6,11.2,8,1
402,2007/2/7,10.2,8,1
403,2007/2/8,9.8,8,1
404,2007/2/9,10.3,8,1
405,2007/2/10,10.8,8,1
406,2007/2/11,8.8,8,1
407,2007/2/12,8.4,8,1
408,2007/2/13,8.9,8,1
409,2007/2/14,10.0,8,1
410,2007/2/15,9.9,8,1
411,2007/2/16,8.2,8,1
412,2007/2/17,6.9,8,1
413,2007/2/18,6.8,8,1
414,2007/2/19,9.3,8,1
415,2007/2/20,7.0,8,1
416,2007/2/21,9.8,8,1
417,2007/2/22,10.9,8,1
418,2007/2/23,11.1,8,1
419,2007/2/24,6.6,8,1
420,2007/2/25,3.7,8,1
421,2007/2/26,6.1,8,1
422,2007/2/27,9.4,8,1
423,2007/2/28,10.0,8,1
424,2007/3/1,9.0,8,1
425,2007/3/2,9.5,8,1
426,2007/3/3,11.8,8,1
427,2007/3/4,14.3,8,1
428,2007/3/5,17.1,8,1
429,2007/3/6,12.8,8,1
430,2007/3/7,7.7,8,1
431,2007/3/8,7.9,8,1
432,2007/3/9,7.6,8,1
433,2007/3/10,9.9,8,1
434,2007/3/11,9.2,8,1
435,2007/3/12,7.6,8,1
436,2007/3/13,7.8,8,1
437,2007/3/14,7.6,8,1
438,2007/3/15,8.8,8,1
439,2007/3/16,7.9,8,1
440,2007/3/17,6.7,8,1
441,2007/3/18,6.3,8,1
442,2007/3/19,7.6,8,1
443,2007/3/20,8.3,8,1
444,2007/3/21,8.9,8,1
445,2007/3/22,11.7,8,1
446,2007/3/23,12.4,8,1
447,2007/3/24,13.4,8,1
448,2007/3/25,15.6,8,1
449,2007/3/26,14.9,8,1
450,2007/3/27,13.6,8,1
451,2007/3/28,15.3,8,1
452,2007/3/29,18.1,8,1
453,2007/3/30,13.2,8,1
454,2007/3/31,13.1,8,1
455,2007/4/1,17.7,8,1
456,2007/4/2,14.3,8,1
457,2007/4/3,8.8,8,1
458,2007/4/4,7.3,8,1
459,2007/4/5,9.8,8,1
460,2007/4/6,11.1,8,1
461,2007/4/7,13.2,8,1
462,2007/4/8,13.6,8,1
463,2007/4/9,12.0,8,1
464,2007/4/10,13.8,8,1
465,2007/4/11,12.1,8,1
466,2007/4/12,13.3,8,1
467,2007/4/13,16.7,8,1
468,2007/4/14,19.0,8,1
469,2007/4/15,15.2,8,1
470,2007/4/16,10.6,8,1
471,2007/4/17,9.1,8,1
472,2007/4/18,8.8,8,1
473,2007/4/19,9.9,8,1
474,2007/4/20,14.0,8,1
475,2007/4/21,19.2,8,1
476,2007/4/22,20.0,8,1
477,2007/4/23,15.0,8,1
478,2007/4/24,13.1,8,1
479,2007/4/25,13.2,8,1
480,2007/4/26,16.4,8,1
481,2007/4/27,14.2,8,1
482,2007/4/28,15.2,8,1
483,2007/4/29,16.4,8,1
484,2007/4/30,19.2,8,1
485,2007/5/1,17.2,8,1
486,2007/5/2,19.1,8,1
487,2007/5/3,19.5,8,1
488,2007/5/4,21.5,8,1
489,2007/5/5,22.2,8,1
490,2007/5/6,18.0,8,1
491,2007/5/7,19.5,8,1
492,2007/5/8,20.1,8,1
493,2007/5/9,23.1,8,1
494,2007/5/10,20.3,8,1
495,2007/5/11,18.5,8,1
496,2007/5/12,19.0,8,1
497,2007/5/13,20.7,8,1
498,2007/5/14,18.9,8,1
499,2007/5/15,18.4,8,1
500,2007/5/16,19.1,8,1
501,2007/5/17,17.8,8,1
502,2007/5/18,21.2,8,1
503,2007/5/19,19.2,8,1
504,2007/5/20,18.9,8,1
505,2007/5/21,18.1,8,1
506,2007/5/22,20.8,8,1
507,2007/5/23,22.4,8,1
508,2007/5/24,22.4,8,1
509,2007/5/25,19.1,8,1
510,2007/5/26,23.1,8,1
511,2007/5/27,23.2,8,1
512,2007/5/28,16.3,8,1
513,2007/5/29,18.0,8,1
514,2007/5/30,18.7,8,1
515,2007/5/31,18.8,8,1
516,2007/6/1,18.4,8,1
517,2007/6/2,20.9,8,1
518,2007/6/3,21.7,8,1
519,2007/6/4,21.5,8,1
520,2007/6/5,21.8,8,1
521,2007/6/6,22.2,8,1
522,2007/6/7,22.4,8,1
523,2007/6/8,22.4,8,1
524,2007/6/9,22.2,8,1
525,2007/6/10,19.8,8,1
526,2007/6/11,20.9,8,1
527,2007/6/12,23.5,8,1
528,2007/6/13,23.6,8,1
529,2007/6/14,21.8,8,1
530,2007/6/15,24.0,8,1
531,2007/6/16,24.8,8,1
532,2007/6/17,22.1,8,1
533,2007/6/18,23.8,8,1
534,2007/6/19,26.1,8,1
535,2007/6/20,25.5,8,1
536,2007/6/21,26.4,8,1
537,2007/6/22,23.9,8,1
538,2007/6/23,25.4,8,1
539,2007/6/24,22.9,8,1
540,2007/6/25,21.0,8,1
541,2007/6/26,22.8,8,1
542,2007/6/27,26.4,8,1
543,2007/6/28,26.5,8,1
544,2007/6/29,27.1,8,1
545,2007/6/30,25.4,8,1
546,2007/7/1,23.3,8,1
547,2007/7/2,24.0,8,1
548,2007/7/3,24.3,8,1
549,2007/7/4,21.5,8,1
550,2007/7/5,24.7,8,1
551,2007/7/6,25.8,8,1
552,2007/7/7,23.9,8,1
553,2007/7/8,22.9,8,1
554,2007/7/9,23.7,8,1
555,2007/7/10,23.3,8,1
556,2007/7/11,24.7,8,1
557,2007/7/12,24.8,8,1
558,2007/7/13,24.9,8,1
559,2007/7/14,22.0,8,1
560,2007/7/15,23.8,8,1
561,2007/7/16,24.8,8,1
562,2007/7/17,19.8,8,1
563,2007/7/18,20.5,8,1
564,2007/7/19,22.2,8,1
565,2007/7/20,24.5,8,1
566,2007/7/21,25.2,8,1
567,2007/7/22,25.0,8,1
568,2007/7/23,25.2,8,1
569,2007/7/24,26.6,8,1
570,2007/7/25,26.2,8,1
571,2007/7/26,27.8,8,1
572,2007/7/27,28.8,8,1
573,2007/7/28,28.7,8,1
574,2007/7/29,27.1,8,1
575,2007/7/30,22.4,8,1
576,2007/7/31,23.6,8,1
577,2007/8/1,27.4,8,1
578,2007/8/2,28.7,8,1
579,2007/8/3,28.8,8,1
580,2007/8/4,30.2,8,1
581,2007/8/5,29.5,8,1
582,2007/8/6,29.0,8,1
583,2007/8/7,29.4,8,1
584,2007/8/8,29.7,8,1
585,2007/8/9,30.1,8,1
586,2007/8/10,31.1,8,1
587,2007/8/11,31.3,8,1
588,2007/8/12,29.4,8,1
589,2007/8/13,29.3,8,1
590,2007/8/14,30.1,8,1
591,2007/8/15,31.5,8,1
592,2007/8/16,32.7,8,1
593,2007/8/17,31.7,8,1
594,2007/8/18,25.5,8,1
595,2007/8/19,28.3,8,1
596,2007/8/20,30.5,8,1
597,2007/8/21,30.2,8,1
598,2007/8/22,31.7,8,1
599,2007/8/23,26.5,8,1
600,2007/8/24,27.5,8,1
601,2007/8/25,28.2,8,1
602,2007/8/26,29.2,8,1
603,2007/8/27,29.3,8,1
604,2007/8/28,28.6,8,1
605,2007/8/29,24.9,8,1
606,2007/8/30,24.5,8,1
607,2007/8/31,24.6,8,1
608,2007/9/1,22.4,8,1
609,2007/9/2,23.5,8,1
610,2007/9/3,25.4,8,1
611,2007/9/4,27.2,8,1
612,2007/9/5,27.2,8,1
613,2007/9/6,27.3,8,1
614,2007/9/7,27.1,8,1
615,2007/9/8,28.4,8,1
616,2007/9/9,27.5,8,1
617,2007/9/10,26.3,8,1
618,2007/9/11,24.8,8,1
619,2007/9/12,22.1,8,1
620,2007/9/13,23.9,8,1
621,2007/9/14,25.8,8,1
622,2007/9/15,27.5,8,1
623,2007/9/16,28.3,8,1
624,2007/9/17,29.0,8,1
625,2007/9/18,25.1,8,1
626,2007/9/19,24.4,8,1
627,2007/9/20,27.3,8,1
628,2007/9/21,27.4,8,1
629,2007/9/22,27.6,8,1
630,2007/9/23,23.7,8,1
631,2007/9/24,22.4,8,1
632,2007/9/25,24.9,8,1
633,2007/9/26,23.2,8,1
634,2007/9/27,23.6,8,1
635,2007/9/28,26.7,8,1
636,2007/9/29,18.4,8,1
637,2007/9/30,16.8,8,1
638,2007/10/1,18.1,8,1
639,2007/10/2,19.8,8,1
640,2007/10/3,21.0,8,1
641,2007/10/4,22.1,8,1
642,2007/10/5,22.5,8,1
643,2007/10/6,20.8,8,1
644,2007/10/7,19.9,8,1
645,2007/10/8,21.1,8,1
646,2007/10/9,19.2,8,1
647,2007/10/10,19.9,8,1
648,2007/10/11,20.8,8,1
649,2007/10/12,22.1,8,1
650,2007/10/13,19.5,8,1
651,2007/10/14,18.3,8,1
652,2007/10/15,18.6,8,1
653,2007/10/16,16.2,8,1
654,2007/10/17,17.9,8,1
655,2007/10/18,17.7,8,1
656,2007/10/19,17.4,8,1
657,2007/10/20,17.5,8,1
658,2007/10/21,17.2,8,1
659,2007/10/22,17.6,8,1
660,2007/10/23,18.9,8,1
661,2007/10/24,16.8,8,1
662,2007/10/25,17.8,8,1
663,2007/10/26,17.4,8,1
664,2007/10/27,16.8,8,1
665,2007/10/28,18.6,8,1
666,2007/10/29,21.3,8,1
667,2007/10/30,18.8,8,1
668,2007/10/31,17.3,8,1
669,2007/11/1,17.5,8,1
670,2007/11/2,16.5,8,1
671,2007/11/3,15.5,8,1
672,2007/11/4,15.9,8,1
673,2007/11/5,16.4,8,1
674,2007/11/6,16.0,8,1
675,2007/11/7,16.3,8,1
676,2007/11/8,15.9,8,1
677,2007/11/9,16.2,8,1
678,2007/11/10,13.2,8,1
679,2007/11/11,14.0,8,1
680,2007/11/12,15.1,8,1
681,2007/11/13,16.7,8,1
682,2007/11/14,16.2,8,1
683,2007/11/15,16.5,8,1
684,2007/11/16,12.2,8,1
685,2007/11/17,10.1,8,1
686,2007/11/18,11.8,8,1
687,2007/11/19,9.7,8,1
688,2007/11/20,10.8,8,1
689,2007/11/21,10.7,8,1
690,2007/11/22,8.2,8,1
691,2007/11/23,9.2,8,1
692,2007/11/24,9.2,8,1
693,2007/11/25,12.0,8,1
694,2007/11/26,12.2,8,1
695,2007/11/27,13.0,8,1
696,2007/11/28,11.6,8,1
697,2007/11/29,9.7,8,1
698,2007/11/30,9.9,8,1
699,2007/12/1,11.4,8,1
700,2007/12/2,11.6,8,1
701,2007/12/3,10.5,8,1
702,2007/12/4,9.5,8,1
703,2007/12/5,8.6,8,1
704,2007/12/6,9.9,8,1
705,2007/12/7,11.1,8,1
706,2007/12/8,10.6,8,1
707,2007/12/9,10.1,8,1
708,2007/12/10,9.9,8,1
709,2007/12/11,10.0,8,1
710,2007/12/12,10.9,8,1
711,2007/12/13,9.2,8,1
712,2007/12/14,9.8,8,1
713,2007/12/15,8.5,8,1
714,2007/12/16,6.9,8,1
715,2007/12/17,7.5,8,1
716,2007/12/18,8.0,8,1
717,2007/12/19,7.5,8,1
718,2007/12/20,8.1,8,1
719,2007/12/21,9.4,8,1
720,2007/12/22,7.1,8,1
721,2007/12/23,8.3,8,1
722,2007/12/24,9.7,8,1
723,2007/12/25,8.0,8,1
724,2007/12/26,6.5,8,1
725,2007/12/27,7.0,8,1
726,2007/12/28,8.0,8,1
727,2007/12/29,10.6,8,1
728,2007/12/30,9.5,8,1
729,2007/12/31,6.5,8,1
730,2008/1/1,6.0,8,1
731,2008/1/2,6.2,8,1
732,2008/1/3,5.9,8,1
733,2008/1/4,7.0,8,1
734,2008/1/5,6.0,8,1
735,2008/1/6,7.5,8,1
736,2008/1/7,8.4,8,1
737,2008/1/8,9.7,8,1
738,2008/1/9,10.4,8,1
739,2008/1/10,9.0,8,1
740,2008/1/11,9.3,8,1
741,2008/1/12,6.9,8,1
742,2008/1/13,4.8,8,1
743,2008/1/14,4.0,8,1
744,2008/1/15,5.4,8,1
745,2008/1/16,5.9,8,1
746,2008/1/17,3.9,8,1
747,2008/1/18,3.6,8,1
748,2008/1/19,4.8,8,1
749,2008/1/20,5.0,8,1
750,2008/1/21,4.9,8,1
751,2008/1/22,4.4,8,1
752,2008/1/23,3.0,8,1
753,2008/1/24,5.0,8,1
754,2008/1/25,3.4,8,1
755,2008/1/26,4.1,8,1
756,2008/1/27,4.1,8,1
757,2008/1/28,4.7,8,1
758,2008/1/29,5.2,8,1
759,2008/1/30,8.0,8,1
760,2008/1/31,6.2,8,1
761,2008/2/1,5.0,8,1
762,2008/2/2,4.8,8,1
763,2008/2/3,1.5,8,1
764,2008/2/4,4.7,8,1
765,2008/2/5,5.6,8,1
766,2008/2/6,2.8,8,1
767,2008/2/7,5.0,8,1
768,2008/2/8,4.9,8,1
769,2008/2/9,2.4,8,1
770,2008/2/10,6.5,8,1
771,2008/2/11,6.8,8,1
772,2008/2/12,6.1,8,1
773,2008/2/13,3.1,8,1
774,2008/2/14,5.1,8,1
775,2008/2/15,5.7,8,1
776,2008/2/16,5.2,8,1
777,2008/2/17,3.5,8,1
778,2008/2/18,5.3,8,1
779,2008/2/19,5.4,8,1
780,2008/2/20,7.1,8,1
781,2008/2/21,8.6,8,1
782,2008/2/22,9.5,8,1
783,2008/2/23,7.3,8,1
784,2008/2/24,3.7,8,1
785,2008/2/25,4.8,8,1
786,2008/2/26,8.7,8,1
787,2008/2/27,6.4,8,1
788,2008/2/28,6.6,8,1
789,2008/2/29,7.8,8,1
790,2008/3/1,8.8,8,1
791,2008/3/2,8.6,8,1
792,2008/3/3,9.3,8,1
793,2008/3/4,8.0,8,1
794,2008/3/5,6.4,8,1
795,2008/3/6,7.4,8,1
796,2008/3/7,7.8,8,1
797,2008/3/8,8.6,8,1
798,2008/3/9,10.4,8,1
799,2008/3/10,9.0,8,1
800,2008/3/11,12.6,8,1
801,2008/3/12,9.7,8,1
802,2008/3/13,10.3,8,1
803,2008/3/14,13.3,8,1
804,2008/3/15,14.7,8,1
805,2008/3/16,14.5,8,1
806,2008/3/17,13.1,8,1
807,2008/3/18,12.6,8,1
808,2008/3/19,12.1,8,1
809,2008/3/20,9.2,8,1
810,2008/3/21,10.7,8,1
811,2008/3/22,11.9,8,1
812,2008/3/23,12.3,8,1
813,2008/3/24,9.4,8,1
814,2008/3/25,12.5,8,1
815,2008/3/26,14.4,8,1
816,2008/3/27,12.0,8,1
817,2008/3/28,12.6,8,1
818,2008/3/29,12.1,8,1
819,2008/3/30,8.9,8,1
820,2008/3/31,7.8,8,1
821,2008/4/1,11.2,8,1
822,2008/4/2,13.0,8,1
823,2008/4/3,13.6,8,1
824,2008/4/4,14.1,8,1
825,2008/4/5,14.6,8,1
826,2008/4/6,14.7,8,1
827,2008/4/7,13.3,8,1
828,2008/4/8,12.1,8,1
829,2008/4/9,13.1,8,1
830,2008/4/10,10.1,8,1
831,2008/4/11,14.3,8,1
832,2008/4/12,15.9,8,1
833,2008/4/13,10.1,8,1
834,2008/4/14,12.9,8,1
835,2008/4/15,16.2,8,1
836,2008/4/16,17.6,8,1
837,2008/4/17,16.6,8,1
838,2008/4/18,13.4,8,1
839,2008/4/19,14.5,8,1
840,2008/4/20,15.7,8,1
841,2008/4/21,15.8,8,1
842,2008/4/22,16.0,8,1
843,2008/4/23,17.2,8,1
844,2008/4/24,18.2,8,1
845,2008/4/25,14.8,8,1
846,2008/4/26,13.7,8,1
847,2008/4/27,14.5,8,1
848,2008/4/28,15.9,8,1
849,2008/4/29,17.6,8,1
850,2008/4/30,20.5,8,1
851,2008/5/1,20.8,8,1
852,2008/5/2,19.9,8,1
853,2008/5/3,18.8,8,1
854,2008/5/4,18.5,8,1
855,2008/5/5,18.6,8,1
856,2008/5/6,19.8,8,1
857,2008/5/7,21.5,8,1
858,2008/5/8,19.6,8,1
859,2008/5/9,18.9,8,1
860,2008/5/10,13.5,8,1
861,2008/5/11,11.7,8,1
862,2008/5/12,12.5,8,1
863,2008/5/13,11.6,8,1
864,2008/5/14,12.9,8,1
865,2008/5/15,17.3,8,1
866,2008/5/16,18.7,8,1
867,2008/5/17,18.9,8,1
868,2008/5/18,18.6,8,1
869,2008/5/19,19.7,8,1
870,2008/5/20,20.4,8,1
871,2008/5/21,20.1,8,1
872,2008/5/22,21.7,8,1
873,2008/5/23,24.3,8,1
874,2008/5/24,21.6,8,1
875,2008/5/25,20.8,8,1
876,2008/5/26,23.1,8,1
877,2008/5/27,22.8,8,1
878,2008/5/28,21.3,8,1
879,2008/5/29,15.8,8,1
880,2008/5/30,14.9,8,1
881,2008/5/31,13.5,8,1
882,2008/6/1,18.7,8,1
883,2008/6/2,19.2,8,1
884,2008/6/3,15.8,8,1
885,2008/6/4,18.3,8,1
886,2008/6/5,18.6,8,1
887,2008/6/6,22.8,8,1
888,2008/6/7,23.0,8,1
889,2008/6/8,21.7,8,1
890,2008/6/9,21.2,8,1
891,2008/6/10,22.3,8,1
892,2008/6/11,22.8,8,1
893,2008/6/12,18.6,8,1
894,2008/6/13,21.7,8,1
895,2008/6/14,23.1,8,1
896,2008/6/15,21.1,8,1
897,2008/6/16,22.9,8,1
898,2008/6/17,22.1,8,1
899,2008/6/18,22.2,8,1
900,2008/6/19,23.7,8,1
901,2008/6/20,22.9,8,1
902,2008/6/21,23.5,8,1
903,2008/6/22,21.0,8,1
904,2008/6/23,21.1,8,1
905,2008/6/24,23.6,8,1
906,2008/6/25,21.6,8,1
907,2008/6/26,17.0,8,1
908,2008/6/27,21.6,8,1
909,2008/6/28,23.4,8,1
910,2008/6/29,21.0,8,1
911,2008/6/30,21.7,8,1
912,2008/7/1,21.8,8,1
913,2008/7/2,23.7,8,1
914,2008/7/3,24.3,8,1
915,2008/7/4,26.5,8,1
916,2008/7/5,27.5,8,1
917,2008/7/6,27.0,8,1
918,2008/7/7,25.1,8,1
919,2008/7/8,24.1,8,1
920,2008/7/9,24.3,8,1
921,2008/7/10,24.6,8,1
922,2008/7/11,26.0,8,1
923,2008/7/12,28.0,8,1
924,2008/7/13,28.5,8,1
925,2008/7/14,28.9,8,1
926,2008/7/15,27.8,8,1
927,2008/7/16,27.3,8,1
928,2008/7/17,27.9,8,1
929,2008/7/18,28.7,8,1
930,2008/7/19,29.1,8,1
931,2008/7/20,27.0,8,1
932,2008/7/21,27.0,8,1
933,2008/7/22,28.4,8,1
934,2008/7/23,28.9,8,1
935,2008/7/24,29.1,8,1
936,2008/7/25,29.4,8,1
937,2008/7/26,27.9,8,1
938,2008/7/27,27.6,8,1
939,2008/7/28,29.3,8,1
940,2008/7/29,28.5,8,1
941,2008/7/30,26.4,8,1
942,2008/7/31,26.2,8,1
943,2008/8/1,27.4,8,1
944,2008/8/2,28.3,8,1
945,2008/8/3,29.4,8,1
946,2008/8/4,30.2,8,1
947,2008/8/5,27.6,8,1
948,2008/8/6,29.8,8,1
949,2008/8/7,30.2,8,1
950,2008/8/8,30.7,8,1
951,2008/8/9,29.2,8,1
952,2008/8/10,26.6,8,1
953,2008/8/11,28.1,8,1
954,2008/8/12,28.7,8,1
955,2008/8/13,29.2,8,1
956,2008/8/14,30.1,8,1
957,2008/8/15,30.7,8,1
958,2008/8/16,28.7,8,1
959,2008/8/17,22.6,8,1
960,2008/8/18,25.2,8,1
961,2008/8/19,28.5,8,1
962,2008/8/20,27.7,8,1
963,2008/8/21,25.4,8,1
964,2008/8/22,22.4,8,1
965,2008/8/23,20.9,8,1
966,2008/8/24,21.6,8,1
967,2008/8/25,23.2,8,1
968,2008/8/26,22.1,8,1
969,2008/8/27,24.6,8,1
970,2008/8/28,25.5,8,1
971,2008/8/29,25.9,8,1
972,2008/8/30,24.8,8,1
973,2008/8/31,25.6,8,1
974,2008/9/1,27.3,8,1
975,2008/9/2,28.3,8,1
976,2008/9/3,28.7,8,1
977,2008/9/4,27.4,8,1
978,2008/9/5,26.6,8,1
979,2008/9/6,27.0,8,1
980,2008/9/7,26.7,8,1
981,2008/9/8,27.1,8,1
982,2008/9/9,25.6,8,1
983,2008/9/10,24.2,8,1
984,2008/9/11,23.2,8,1
985,2008/9/12,26.4,8,1
986,2008/9/13,27.0,8,1
987,2008/9/14,25.6,8,1
988,2008/9/15,24.4,8,1
989,2008/9/16,23.3,8,1
990,2008/9/17,25.2,8,1
991,2008/9/18,24.1,8,1
992,2008/9/19,23.9,8,1
993,2008/9/20,24.5,8,1
994,2008/9/21,23.0,8,1
995,2008/9/22,20.9,8,1
996,2008/9/23,23.6,8,1
997,2008/9/24,24.7,8,1
998,2008/9/25,24.9,8,1
999,2008/9/26,26.0,8,1
1000,2008/9/27,20.1,8,1
1001,2008/9/28,18.1,8,1
1002,2008/9/29,16.6,8,1
1003,2008/9/30,17.2,8,1
1004,2008/10/1,18.9,8,1
1005,2008/10/2,19.6,8,1
1006,2008/10/3,20.0,8,1
1007,2008/10/4,20.6,8,1
1008,2008/10/5,21.0,8,1
1009,2008/10/6,18.3,8,1
1010,2008/10/7,21.6,8,1
1011,2008/10/8,19.0,8,1
1012,2008/10/9,21.1,8,1
1013,2008/10/10,21.7,8,1
1014,2008/10/11,20.8,8,1
1015,2008/10/12,18.6,8,1
1016,2008/10/13,19.5,8,1
1017,2008/10/14,18.6,8,1
1018,2008/10/15,19.9,8,1
1019,2008/10/16,19.7,8,1
1020,2008/10/17,19.6,8,1
1021,2008/10/18,19.6,8,1
1022,2008/10/19,19.4,8,1
1023,2008/10/20,20.0,8,1
1024,2008/10/21,20.2,8,1
1025,2008/10/22,19.8,8,1
1026,2008/10/23,20.3,8,1
1027,2008/10/24,21.0,8,1
1028,2008/10/25,20.6,8,1
1029,2008/10/26,19.3,8,1
1030,2008/10/27,18.0,8,1
1031,2008/10/28,17.1,8,1
1032,2008/10/29,17.0,8,1
1033,2008/10/30,14.8,8,1
1034,2008/10/31,14.4,8,1
1035,2008/11/1,16.1,8,1
1036,2008/11/2,14.9,8,1
1037,2008/11/3,15.7,8,1
1038,2008/11/4,16.3,8,1
1039,2008/11/5,14.4,8,1
1040,2008/11/6,15.8,8,1
1041,2008/11/7,17.3,8,1
1042,2008/11/8,13.9,8,1
1043,2008/11/9,11.4,8,1
1044,2008/11/10,11.9,8,1
1045,2008/11/11,11.6,8,1
1046,2008/11/12,12.2,8,1
1047,2008/11/13,14.9,8,1
1048,2008/11/14,15.1,8,1
1049,2008/11/15,16.2,8,1
1050,2008/11/16,15.3,8,1
1051,2008/11/17,15.8,8,1
1052,2008/11/18,15.7,8,1
1053,2008/11/19,11.3,8,1
1054,2008/11/20,9.4,8,1
1055,2008/11/21,11.0,8,1
1056,2008/11/22,11.1,8,1
1057,2008/11/23,12.1,8,1
1058,2008/11/24,9.4,8,1
1059,2008/11/25,9.5,8,1
1060,2008/11/26,11.0,8,1
1061,2008/11/27,8.8,8,1
1062,2008/11/28,10.6,8,1
1063,2008/11/29,13.1,8,1
1064,2008/11/30,12.0,8,1
1065,2008/12/1,9.9,8,1
1066,2008/12/2,9.3,8,1
1067,2008/12/3,12.3,8,1
1068,2008/12/4,12.4,8,1
1069,2008/12/5,14.2,8,1
1070,2008/12/6,10.3,8,1
1071,2008/12/7,7.5,8,1
1072,2008/12/8,8.1,8,1
1073,2008/12/9,8.8,8,1
1074,2008/12/10,14.1,8,1
1075,2008/12/11,14.0,8,1
1076,2008/12/12,13.1,8,1
1077,2008/12/13,11.3,8,1
1078,2008/12/14,7.5,8,1
1079,2008/12/15,7.2,8,1
1080,2008/12/16,8.4,8,1
1081,2008/12/17,8.8,8,1
1082,2008/12/18,11.4,8,1
1083,2008/12/19,10.0,8,1
1084,2008/12/20,10.1,8,1
1085,2008/12/21,13.5,8,1
1086,2008/12/22,13.2,8,1
1087,2008/12/23,6.9,8,1
1088,2008/12/24,6.8,8,1
1089,2008/12/25,10.1,8,1
1090,2008/12/26,5.2,8,1
1091,2008/12/27,6.0,8,1
1092,2008/12/28,7.3,8,1
1093,2008/12/29,9.9,8,1
1094,2008/12/30,9.0,8,1
1095,2008/12/31,6.6,8,1
1096,2009/1/1,6.2,8,1
1097,2009/1/2,6.9,8,1
1098,2009/1/3,6.6,8,1
1099,2009/1/4,7.5,8,1
1100,2009/1/5,8.5,8,1
1101,2009/1/6,8.6,8,1
1102,2009/1/7,7.0,8,1
1103,2009/1/8,6.7,8,1
1104,2009/1/9,4.4,8,1
1105,2009/1/10,5.6,8,1
1106,2009/1/11,5.1,8,1
1107,2009/1/12,4.5,8,1
1108,2009/1/13,5.1,8,1
1109,2009/1/14,5.9,8,1
1110,2009/1/15,4.3,8,1
1111,2009/1/16,5.0,8,1
1112,2009/1/17,6.4,8,1
1113,2009/1/18,6.0,8,1
1114,2009/1/19,9.1,8,1
1115,2009/1/20,7.5,8,1
1116,2009/1/21,6.6,8,1
1117,2009/1/22,5.9,8,1
1118,2009/1/23,10.3,8,1
1119,2009/1/24,6.8,8,1
1120,2009/1/25,5.9,8,1
1121,2009/1/26,6.5,8,1
1122,2009/1/27,7.6,8,1
1123,2009/1/28,6.7,8,1
1124,2009/1/29,8.9,8,1
1125,2009/1/30,9.6,8,1
1126,2009/1/31,7.8,8,1
1127,2009/2/1,7.9,8,1
1128,2009/2/2,6.2,8,1
1129,2009/2/3,8.9,8,1
1130,2009/2/4,7.5,8,1
1131,2009/2/5,7.4,8,1
1132,2009/2/6,7.9,8,1
1133,2009/2/7,7.1,8,1
1134,2009/2/8,7.4,8,1
1135,2009/2/9,6.1,8,1
1136,2009/2/10,8.7,8,1
1137,2009/2/11,6.9,8,1
1138,2009/2/12,9.8,8,1
1139,2009/2/13,11.4,8,1
1140,2009/2/14,18.1,8,1
1141,2009/2/15,12.7,8,1
1142,2009/2/16,10.5,8,1
1143,2009/2/17,4.9,8,1
1144,2009/2/18,6.1,8,1
1145,2009/2/19,6.6,8,1
1146,2009/2/20,6.3,8,1
1147,2009/2/21,6.4,8,1
1148,2009/2/22,7.7,8,1
1149,2009/2/23,6.6,8,1
1150,2009/2/24,5.2,8,1
1151,2009/2/25,7.6,8,1
1152,2009/2/26,6.9,8,1
1153,2009/2/27,3.4,8,1
1154,2009/2/28,6.8,8,1
1155,2009/3/1,7.1,8,1
1156,2009/3/2,6.9,8,1
1157,2009/3/3,3.2,8,1
1158,2009/3/4,5.8,8,1
1159,2009/3/5,8.6,8,1
1160,2009/3/6,8.1,8,1
1161,2009/3/7,11.6,8,1
1162,2009/3/8,8.6,8,1
1163,2009/3/9,10.2,8,1
1164,2009/3/10,11.5,8,1
1165,2009/3/11,7.6,8,1
1166,2009/3/12,8.1,8,1
1167,2009/3/13,10.0,8,1
1168,2009/3/14,11.6,8,1
1169,2009/3/15,9.4,8,1
1170,2009/3/16,11.1,8,1
1171,2009/3/17,14.4,8,1
1172,2009/3/18,15.1,8,1
1173,2009/3/19,17.2,8,1
1174,2009/3/20,15.3,8,1
1175,2009/3/21,11.8,8,1
1176,2009/3/22,15.3,8,1
1177,2009/3/23,12.7,8,1
1178,2009/3/24,8.6,8,1
1179,2009/3/25,8.0,8,1
1180,2009/3/26,8.0,8,1
1181,2009/3/27,7.8,8,1
1182,2009/3/28,7.8,8,1
1183,2009/3/29,8.1,8,1
1184,2009/3/30,8.7,8,1
1185,2009/3/31,10.7,8,1
1186,2009/4/1,9.9,8,1
1187,2009/4/2,9.8,8,1
1188,2009/4/3,12.3,8,1
1189,2009/4/4,13.8,8,1
1190,2009/4/5,14.5,8,1
1191,2009/4/6,14.9,8,1
1192,2009/4/7,16.0,8,1
1193,2009/4/8,16.2,8,1
1194,2009/4/9,18.3,8,1
1195,2009/4/10,18.6,8,1
1196,2009/4/11,18.1,8,1
1197,2009/4/12,16.3,8,1
1198,2009/4/13,18.8,8,1
1199,2009/4/14,17.9,8,1
1200,2009/4/15,19.7,8,1
1201,2009/4/16,17.7,8,1
1202,2009/4/17,12.7,8,1
1203,2009/4/18,15.2,8,1
1204,2009/4/19,17.4,8,1
1205,2009/4/20,16.8,8,1
1206,2009/4/21,18.1,8,1
1207,2009/4/22,19.7,8,1
1208,2009/4/23,17.1,8,1
1209,2009/4/24,13.3,8,1
1210,2009/4/25,11.2,8,1
1211,2009/4/26,16.8,8,1
1212,2009/4/27,14.4,8,1
1213,2009/4/28,13.0,8,1
1214,2009/4/29,15.5,8,1
1215,2009/4/30,17.8,8,1
1216,2009/5/1,19.5,8,1
1217,2009/5/2,19.8,8,1
1218,2009/5/3,20.0,8,1
1219,2009/5/4,20.4,8,1
1220,2009/5/5,17.8,8,1
1221,2009/5/6,16.4,8,1
1222,2009/5/7,17.0,8,1
1223,2009/5/8,17.8,8,1
1224,2009/5/9,21.0,8,1
1225,2009/5/10,23.0,8,1
1226,2009/5/11,21.4,8,1
1227,2009/5/12,22.2,8,1
1228,2009/5/13,22.4,8,1
1229,2009/5/14,18.4,8,1
1230,2009/5/15,16.3,8,1
1231,2009/5/16,17.6,8,1
1232,2009/5/17,19.4,8,1
1233,2009/5/18,23.7,8,1
1234,2009/5/19,21.7,8,1
1235,2009/5/20,23.2,8,1
1236,2009/5/21,23.0,8,1
1237,2009/5/22,21.8,8,1
1238,2009/5/23,23.2,8,1
1239,2009/5/24,19.4,8,1
1240,2009/5/25,18.9,8,1
1241,2009/5/26,21.3,8,1
1242,2009/5/27,21.5,8,1
1243,2009/5/28,18.5,8,1
1244,2009/5/29,17.5,8,1
1245,2009/5/30,18.4,8,1
1246,2009/5/31,19.7,8,1
1247,2009/6/1,19.0,8,1
1248,2009/6/2,21.1,8,1
1249,2009/6/3,21.9,8,1
1250,2009/6/4,21.6,8,1
1251,2009/6/5,20.0,8,1
1252,2009/6/6,20.5,8,1
1253,2009/6/7,22.8,8,1
1254,2009/6/8,19.0,8,1
1255,2009/6/9,21.8,8,1
1256,2009/6/10,23.1,8,1
1257,2009/6/11,21.6,8,1
1258,2009/6/12,23.6,8,1
1259,2009/6/13,23.0,8,1
1260,2009/6/14,20.7,8,1
1261,2009/6/15,20.8,8,1
1262,2009/6/16,19.6,8,1
1263,2009/6/17,21.2,8,1
1264,2009/6/18,21.7,8,1
1265,2009/6/19,22.3,8,1
1266,2009/6/20,23.2,8,1
1267,2009/6/21,22.8,8,1
1268,2009/6/22,23.8,8,1
1269,2009/6/23,26.5,8,1
1270,2009/6/24,24.1,8,1
1271,2009/6/25,24.9,8,1
1272,2009/6/26,26.8,8,1
1273,2009/6/27,26.6,8,1
1274,2009/6/28,23.5,8,1
1275,2009/6/29,25.3,8,1
1276,2009/6/30,22.8,8,1
1277,2009/7/1,23.3,8,1
1278,2009/7/2,21.2,8,1
1279,2009/7/3,23.2,8,1
1280,2009/7/4,24.0,8,1
1281,2009/7/5,23.8,8,1
1282,2009/7/6,23.7,8,1
1283,2009/7/7,26.9,8,1
1284,2009/7/8,26.5,8,1
1285,2009/7/9,27.9,8,1
1286,2009/7/10,28.3,8,1
1287,2009/7/11,25.3,8,1
1288,2009/7/12,25.5,8,1
1289,2009/7/13,28.9,8,1
1290,2009/7/14,27.6,8,1
1291,2009/7/15,29.1,8,1
1292,2009/7/16,29.3,8,1
1293,2009/7/17,25.9,8,1
1294,2009/7/18,27.7,8,1
1295,2009/7/19,29.4,8,1
1296,2009/7/20,27.1,8,1
1297,2009/7/21,22.8,8,1
1298,2009/7/22,24.1,8,1
1299,2009/7/23,25.6,8,1
1300,2009/7/24,26.3,8,1
1301,2009/7/25,28.1,8,1
1302,2009/7/26,29.6,8,1
1303,2009/7/27,27.2,8,1
1304,2009/7/28,26.7,8,1
1305,2009/7/29,28.2,8,1
1306,2009/7/30,28.4,8,1
1307,2009/7/31,23.3,8,1
1308,2009/8/1,24.6,8,1
1309,2009/8/2,24.3,8,1
1310,2009/8/3,26.3,8,1
1311,2009/8/4,26.0,8,1
1312,2009/8/5,27.5,8,1
1313,2009/8/6,27.5,8,1
1314,2009/8/7,28.6,8,1
1315,2009/8/8,27.6,8,1
1316,2009/8/9,28.3,8,1
1317,2009/8/10,27.1,8,1
1318,2009/8/11,26.7,8,1
1319,2009/8/12,26.6,8,1
1320,2009/8/13,28.2,8,1
1321,2009/8/14,28.6,8,1
1322,2009/8/15,27.2,8,1
1323,2009/8/16,27.8,8,1
1324,2009/8/17,26.5,8,1
1325,2009/8/18,26.6,8,1
1326,2009/8/19,27.3,8,1
1327,2009/8/20,27.6,8,1
1328,2009/8/21,28.9,8,1
1329,2009/8/22,28.9,8,1
1330,2009/8/23,27.2,8,1
1331,2009/8/24,26.0,8,1
1332,2009/8/25,24.8,8,1
1333,2009/8/26,24.4,8,1
1334,2009/8/27,25.3,8,1
1335,2009/8/28,27.4,8,1
1336,2009/8/29,28.6,8,1
1337,2009/8/30,23.3,8,1
1338,2009/8/31,19.1,8,1
1339,2009/9/1,25.7,8,1
1340,2009/9/2,22.3,8,1
1341,2009/9/3,22.2,8,1
1342,2009/9/4,23.2,8,1
1343,2009/9/5,24.4,8,1
1344,2009/9/6,24.4,8,1
1345,2009/9/7,24.9,8,1
1346,2009/9/8,24.8,8,1
1347,2009/9/9,22.6,8,1
1348,2009/9/10,24.1,8,1
1349,2009/9/11,23.9,8,1
1350,2009/9/12,21.4,8,1
1351,2009/9/13,23.7,8,1
1352,2009/9/14,23.2,8,1
1353,2009/9/15,21.9,8,1
1354,2009/9/16,23.7,8,1
1355,2009/9/17,22.5,8,1
1356,2009/9/18,20.9,8,1
1357,2009/9/19,21.7,8,1
1358,2009/9/20,22.4,8,1
1359,2009/9/21,21.3,8,1
1360,2009/9/22,23.3,8,1
1361,2009/9/23,23.9,8,1
1362,2009/9/24,23.3,8,1
1363,2009/9/25,23.3,8,1
1364,2009/9/26,23.4,8,1
1365,2009/9/27,21.9,8,1
1366,2009/9/28,23.4,8,1
1367,2009/9/29,23.1,8,1
1368,2009/9/30,20.2,8,1
1369,2009/10/1,20.8,8,1
1370,2009/10/2,21.3,8,1
1371,2009/10/3,22.8,8,1
1372,2009/10/4,22.4,8,1
1373,2009/10/5,19.6,8,1
1374,2009/10/6,17.8,8,1
1375,2009/10/7,17.6,8,1
1376,2009/10/8,21.2,8,1
1377,2009/10/9,20.4,8,1
1378,2009/10/10,17.7,8,1
1379,2009/10/11,18.9,8,1
1380,2009/10/12,18.5,8,1
1381,2009/10/13,19.8,8,1
1382,2009/10/14,18.2,8,1
1383,2009/10/15,18.1,8,1
1384,2009/10/16,18.6,8,1
1385,2009/10/17,18.4,8,1
1386,2009/10/18,19.7,8,1
1387,2009/10/19,19.7,8,1
1388,2009/10/20,21.9,8,1
1389,2009/10/21,19.3,8,1
1390,2009/10/22,18.5,8,1
1391,2009/10/23,17.7,8,1
1392,2009/10/24,16.1,8,1
1393,2009/10/25,14.8,8,1
1394,2009/10/26,14.4,8,1
1395,2009/10/27,19.1,8,1
1396,2009/10/28,18.4,8,1
1397,2009/10/29,17.8,8,1
1398,2009/10/30,19.9,8,1
1399,2009/10/31,18.2,8,1
1400,2009/11/1,19.6,8,1
1401,2009/11/2,12.9,8,1
1402,2009/11/3,10.2,8,1
1403,2009/11/4,11.9,8,1
1404,2009/11/5,13.5,8,1
1405,2009/11/6,15.4,8,1
1406,2009/11/7,16.5,8,1
1407,2009/11/8,16.9,8,1
1408,2009/11/9,17.8,8,1
1409,2009/11/10,18.7,8,1
1410,2009/11/11,17.3,8,1
1411,2009/11/12,13.2,8,1
1412,2009/11/13,11.2,8,1
1413,2009/11/14,16.9,8,1
1414,2009/11/15,16.9,8,1
1415,2009/11/16,14.4,8,1
1416,2009/11/17,10.3,8,1
1417,2009/11/18,11.5,8,1
1418,2009/11/19,8.2,8,1
1419,2009/11/20,10.5,8,1
1420,2009/11/21,12.2,8,1
1421,2009/11/22,8.4,8,1
1422,2009/11/23,11.2,8,1
1423,2009/11/24,11.8,8,1
1424,2009/11/25,13.4,8,1
1425,2009/11/26,14.6,8,1
1426,2009/11/27,14.1,8,1
1427,2009/11/28,13.8,8,1
1428,2009/11/29,10.6,8,1
1429,2009/11/30,9.6,8,1
1430,2009/12/1,11.5,8,1
1431,2009/12/2,12.0,8,1
1432,2009/12/3,10.1,8,1
1433,2009/12/4,11.7,8,1
1434,2009/12/5,10.3,8,1
1435,2009/12/6,11.2,8,1
1436,2009/12/7,10.3,8,1
1437,2009/12/8,10.1,8,1
1438,2009/12/9,10.2,8,1
1439,2009/12/10,11.0,8,1
1440,2009/12/11,8.1,8,1
1441,2009/12/12,13.0,8,1
1442,2009/12/13,11.2,8,1
1443,2009/12/14,8.9,8,1
1444,2009/12/15,7.9,8,1
1445,2009/12/16,6.9,8,1
1446,2009/12/17,7.0,8,1
1447,2009/12/18,6.2,8,1
1448,2009/12/19,5.2,8,1
1449,2009/12/20,6.3,8,1
1450,2009/12/21,5.9,8,1
1451,2009/12/22,6.4,8,1
1452,2009/12/23,7.7,8,1
1453,2009/12/24,9.9,8,1
1454,2009/12/25,9.2,8,1
1455,2009/12/26,9.4,8,1
1456,2009/12/27,9.4,8,1
1457,2009/12/28,9.4,8,1
1458,2009/12/29,8.1,8,1
1459,2009/12/30,9.2,8,1
1460,2009/12/31,6.2,8,1
1461,2010/1/1,4.8,8,1
1462,2010/1/2,6.3,8,1
1463,2010/1/3,5.7,8,1
1464,2010/1/4,6.5,8,1
1465,2010/1/5,7.3,8,1
1466,2010/1/6,6.5,8,1
1467,2010/1/7,7.3,8,1
1468,2010/1/8,7.6,8,1
1469,2010/1/9,7.2,8,1
1470,2010/1/10,7.0,8,1
1471,2010/1/11,5.3,8,1
1472,2010/1/12,3.9,8,1
1473,2010/1/13,5.3,8,1
1474,2010/1/14,3.8,8,1
1475,2010/1/15,4.6,8,1
1476,2010/1/16,3.8,8,1
1477,2010/1/17,4.9,8,1
1478,2010/1/18,5.3,8,1
1479,2010/1/19,8.4,8,1
1480,2010/1/20,11.6,8,1
1481,2010/1/21,13.0,8,1
1482,2010/1/22,7.0,8,1
1483,2010/1/23,6.3,8,1
1484,2010/1/24,7.0,8,1
1485,2010/1/25,8.2,8,1
1486,2010/1/26,6.7,8,1
1487,2010/1/27,7.2,8,1
1488,2010/1/28,12.2,8,1
1489,2010/1/29,8.9,8,1
1490,2010/1/30,8.9,8,1
1491,2010/1/31,9.2,8,1
1492,2010/2/1,5.9,8,1
1493,2010/2/2,4.2,8,1
1494,2010/2/3,3.7,8,1
1495,2010/2/4,2.9,8,1
1496,2010/2/5,4.9,8,1
1497,2010/2/6,3.2,8,1
1498,2010/2/7,4.9,8,1
1499,2010/2/8,6.3,8,1
1500,2010/2/9,11.8,8,1
1501,2010/2/10,8.5,8,1
1502,2010/2/11,4.5,8,1
1503,2010/2/12,3.5,8,1
1504,2010/2/13,2.2,8,1
1505,2010/2/14,4.6,8,1
1506,2010/2/15,5.3,8,1
1507,2010/2/16,3.9,8,1
1508,2010/2/17,3.1,8,1
1509,2010/2/18,3.5,8,1
1510,2010/2/19,5.7,8,1
1511,2010/2/20,7.0,8,1
1512,2010/2/21,6.1,8,1
1513,2010/2/22,6.5,8,1
1514,2010/2/23,9.7,8,1
1515,2010/2/24,12.0,8,1
1516,2010/2/25,13.9,8,1
1517,2010/2/26,16.9,8,1
1518,2010/2/27,10.9,8,1
1519,2010/2/28,6.4,8,1
1520,2010/3/1,9.0,8,1
1521,2010/3/2,5.3,8,1
1522,2010/3/3,8.4,8,1
1523,2010/3/4,7.6,8,1
1524,2010/3/5,12.5,8,1
1525,2010/3/6,11.4,8,1
1526,2010/3/7,6.2,8,1
1527,2010/3/8,5.5,8,1
1528,2010/3/9,3.5,8,1
1529,2010/3/10,5.3,8,1
1530,2010/3/11,8.6,8,1
1531,2010/3/12,10.3,8,1
1532,2010/3/13,16.1,8,1
1533,2010/3/14,10.7,8,1
1534,2010/3/15,13.7,8,1
1535,2010/3/16,15.5,8,1
1536,2010/3/17,9.8,8,1
1537,2010/3/18,9.6,8,1
1538,2010/3/19,8.7,8,1
1539,2010/3/20,15.2,8,1
1540,2010/3/21,15.3,8,1
1541,2010/3/22,9.8,8,1
1542,2010/3/23,10.9,8,1
1543,2010/3/24,6.9,8,1
1544,2010/3/25,5.3,8,1
1545,2010/3/26,7.9,8,1
1546,2010/3/27,8.1,8,1
1547,2010/3/28,5.5,8,1
1548,2010/3/29,4.4,8,1
1549,2010/3/30,5.9,8,1
1550,2010/3/31,9.1,8,1
1551,2010/4/1,14.7,8,1
1552,2010/4/2,15.2,8,1
1553,2010/4/3,11.1,8,1
1554,2010/4/4,8.8,8,1
1555,2010/4/5,9.4,8,1
1556,2010/4/6,14.8,8,1
1557,2010/4/7,11.6,8,1
1558,2010/4/8,8.9,8,1
1559,2010/4/9,11.1,8,1
1560,2010/4/10,15.6,8,1
1561,2010/4/11,17.2,8,1
1562,2010/4/12,8.6,8,1
1563,2010/4/13,15.1,8,1
1564,2010/4/14,13.9,8,1
1565,2010/4/15,6.9,8,1
1566,2010/4/16,5.2,8,1
1567,2010/4/17,6.3,8,1
1568,2010/4/18,12.0,8,1
1569,2010/4/19,15.2,8,1
1570,2010/4/20,15.6,8,1
1571,2010/4/21,18.8,8,1
1572,2010/4/22,9.1,8,1
1573,2010/4/23,8.2,8,1
1574,2010/4/24,11.2,8,1
1575,2010/4/25,12.7,8,1
1576,2010/4/26,14.4,8,1
1577,2010/4/27,12.7,8,1
1578,2010/4/28,14.1,8,1
1579,2010/4/29,18.2,8,1
1580,2010/4/30,15.2,8,1
1581,2010/5/1,16.4,8,1
1582,2010/5/2,17.9,8,1
1583,2010/5/3,19.0,8,1
1584,2010/5/4,20.6,8,1
1585,2010/5/5,21.9,8,1
1586,2010/5/6,22.4,8,1
1587,2010/5/7,20.4,8,1
1588,2010/5/8,19.7,8,1
1589,2010/5/9,20.7,8,1
1590,2010/5/10,19.1,8,1
1591,2010/5/11,17.1,8,1
1592,2010/5/12,16.4,8,1
1593,2010/5/13,16.5,8,1
1594,2010/5/14,15.4,8,1
1595,2010/5/15,15.1,8,1
1596,2010/5/16,17.3,8,1
1597,2010/5/17,20.7,8,1
1598,2010/5/18,21.6,8,1
1599,2010/5/19,20.3,8,1
1600,2010/5/20,20.2,8,1
1601,2010/5/21,24.3,8,1
1602,2010/5/22,23.4,8,1
1603,2010/5/23,18.3,8,1
1604,2010/5/24,18.1,8,1
1605,2010/5/25,23.5,8,1
1606,2010/5/26,17.6,8,1
1607,2010/5/27,17.6,8,1
1608,2010/5/28,18.5,8,1
1609,2010/5/29,15.6,8,1
1610,2010/5/30,14.5,8,1
1611,2010/5/31,17.4,8,1
1612,2010/6/1,17.6,8,1
1613,2010/6/2,19.1,8,1
1614,2010/6/3,20.9,8,1
1615,2010/6/4,22.1,8,1
1616,2010/6/5,20.2,8,1
1617,2010/6/6,21.4,8,1
1618,2010/6/7,23.1,8,1
1619,2010/6/8,21.4,8,1
1620,2010/6/9,20.0,8,1
1621,2010/6/10,22.6,8,1
1622,2010/6/11,22.6,8,1
1623,2010/6/12,24.5,8,1
1624,2010/6/13,23.2,8,1
1625,2010/6/14,18.6,8,1
1626,2010/6/15,23.1,8,1
1627,2010/6/16,25.8,8,1
1628,2010/6/17,26.7,8,1
1629,2010/6/18,24.4,8,1
1630,2010/6/19,25.2,8,1
1631,2010/6/20,26.2,8,1
1632,2010/6/21,25.9,8,1
1633,2010/6/22,26.1,8,1
1634,2010/6/23,24.2,8,1
1635,2010/6/24,25.1,8,1
1636,2010/6/25,26.2,8,1
1637,2010/6/26,26.2,8,1
1638,2010/6/27,26.6,8,1
1639,2010/6/28,28.0,8,1
1640,2010/6/29,26.4,8,1
1641,2010/6/30,25.6,8,1
1642,2010/7/1,27.0,8,1
1643,2010/7/2,26.6,8,1
1644,2010/7/3,26.2,8,1
1645,2010/7/4,27.2,8,1
1646,2010/7/5,26.8,8,1
1647,2010/7/6,27.1,8,1
1648,2010/7/7,25.4,8,1
1649,2010/7/8,26.4,8,1
1650,2010/7/9,25.5,8,1
1651,2010/7/10,27.3,8,1
1652,2010/7/11,26.3,8,1
1653,2010/7/12,27.4,8,1
1654,2010/7/13,23.8,8,1
1655,2010/7/14,26.1,8,1
1656,2010/7/15,28.4,8,1
1657,2010/7/16,28.5,8,1
1658,2010/7/17,28.3,8,1
1659,2010/7/18,28.3,8,1
1660,2010/7/19,29.8,8,1
1661,2010/7/20,30.8,8,1
1662,2010/7/21,31.5,8,1
1663,2010/7/22,31.4,8,1
1664,2010/7/23,30.8,8,1
1665,2010/7/24,30.8,8,1
1666,2010/7/25,29.5,8,1
1667,2010/7/26,28.6,8,1
1668,2010/7/27,29.8,8,1
1669,2010/7/28,30.0,8,1
1670,2010/7/29,26.3,8,1
1671,2010/7/30,26.8,8,1
1672,2010/7/31,29.2,8,1
1673,2010/8/1,29.8,8,1
1674,2010/8/2,29.4,8,1
1675,2010/8/3,29.5,8,1
1676,2010/8/4,29.8,8,1
1677,2010/8/5,30.0,8,1
1678,2010/8/6,29.6,8,1
1679,2010/8/7,29.2,8,1
1680,2010/8/8,29.2,8,1
1681,2010/8/9,26.3,8,1
1682,2010/8/10,27.7,8,1
1683,2010/8/11,28.9,8,1
1684,2010/8/12,28.7,8,1
1685,2010/8/13,28.3,8,1
1686,2010/8/14,29.4,8,1
1687,2010/8/15,31.4,8,1
1688,2010/8/16,32.2,8,1
1689,2010/8/17,32.3,8,1
1690,2010/8/18,30.4,8,1
1691,2010/8/19,28.7,8,1
1692,2010/8/20,27.8,8,1
1693,2010/8/21,28.6,8,1
1694,2010/8/22,29.9,8,1
1695,2010/8/23,30.3,8,1
1696,2010/8/24,29.7,8,1
1697,2010/8/25,30.1,8,1
1698,2010/8/26,29.9,8,1
1699,2010/8/27,30.0,8,1
1700,2010/8/28,30.1,8,1
1701,2010/8/29,30.2,8,1
1702,2010/8/30,30.5,8,1
1703,2010/8/31,30.8,8,1
1704,2010/9/1,30.4,8,1
1705,2010/9/2,30.1,8,1
1706,2010/9/3,30.5,8,1
1707,2010/9/4,31.2,8,1
1708,2010/9/5,30.1,8,1
1709,2010/9/6,29.8,8,1
1710,2010/9/7,31.0,8,1
1711,2010/9/8,25.8,8,1
1712,2010/9/9,24.6,8,1
1713,2010/9/10,26.0,8,1
1714,2010/9/11,28.4,8,1
1715,2010/9/12,28.1,8,1
1716,2010/9/13,28.7,8,1
1717,2010/9/14,25.8,8,1
1718,2010/9/15,23.0,8,1
1719,2010/9/16,20.6,8,1
1720,2010/9/17,24.5,8,1
1721,2010/9/18,25.9,8,1
1722,2010/9/19,26.0,8,1
1723,2010/9/20,25.9,8,1
1724,2010/9/21,27.8,8,1
1725,2010/9/22,28.1,8,1
1726,2010/9/23,19.8,8,1
1727,2010/9/24,18.3,8,1
1728,2010/9/25,17.8,8,1
1729,2010/9/26,19.3,8,1
1730,2010/9/27,16.3,8,1
1731,2010/9/28,18.9,8,1
1732,2010/9/29,22.4,8,1
1733,2010/9/30,19.2,8,1
1734,2010/10/1,20.9,8,1
1735,2010/10/2,21.2,8,1
1736,2010/10/3,20.9,8,1
1737,2010/10/4,20.4,8,1
1738,2010/10/5,22.6,8,1
1739,2010/10/6,22.0,8,1
1740,2010/10/7,21.1,8,1
1741,2010/10/8,20.9,8,1
1742,2010/10/9,17.5,8,1
1743,2010/10/10,19.8,8,1
1744,2010/10/11,23.4,8,1
1745,2010/10/12,22.5,8,1
1746,2010/10/13,23.0,8,1
1747,2010/10/14,21.4,8,1
1748,2010/10/15,21.3,8,1
1749,2010/10/16,21.4,8,1
1750,2010/10/17,20.9,8,1
1751,2010/10/18,19.4,8,1
1752,2010/10/19,18.6,8,1
1753,2010/10/20,18.9,8,1
1754,2010/10/21,18.4,8,1
1755,2010/10/22,17.7,8,1
1756,2010/10/23,16.4,8,1
1757,2010/10/24,15.4,8,1
1758,2010/10/25,17.9,8,1
1759,2010/10/26,16.7,8,1
1760,2010/10/27,12.6,8,1
1761,2010/10/28,10.0,8,1
1762,2010/10/29,13.9,8,1
1763,2010/10/30,12.3,8,1
1764,2010/10/31,15.9,8,1
1765,2010/11/1,16.6,8,1
1766,2010/11/2,16.6,8,1
1767,2010/11/3,14.6,8,1
1768,2010/11/4,12.1,8,1
1769,2010/11/5,13.9,8,1
1770,2010/11/6,15.4,8,1
1771,2010/11/7,14.9,8,1
1772,2010/11/8,16.1,8,1
1773,2010/11/9,16.8,8,1
1774,2010/11/10,14.3,8,1
1775,2010/11/11,14.1,8,1
1776,2010/11/12,15.3,8,1
1777,2010/11/13,16.2,8,1
1778,2010/11/14,15.6,8,1
1779,2010/11/15,11.9,8,1
1780,2010/11/16,10.0,8,1
1781,2010/11/17,8.8,8,1
1782,2010/11/18,10.9,8,1
1783,2010/11/19,11.7,8,1
1784,2010/11/20,13.3,8,1
1785,2010/11/21,14.1,8,1
1786,2010/11/22,14.1,8,1
1787,2010/11/23,13.8,8,1
1788,2010/11/24,11.3,8,1
1789,2010/11/25,10.6,8,1
1790,2010/11/26,12.8,8,1
1791,2010/11/27,12.1,8,1
1792,2010/11/28,13.1,8,1
1793,2010/11/29,12.3,8,1
1794,2010/11/30,12.2,8,1
1795,2010/12/1,13.5,8,1
1796,2010/12/2,13.9,8,1
1797,2010/12/3,17.0,8,1
1798,2010/12/4,12.4,8,1
1799,2010/12/5,11.7,8,1
1800,2010/12/6,12.9,8,1
1801,2010/12/7,12.2,8,1
1802,2010/12/8,9.2,8,1
1803,2010/12/9,9.1,8,1
1804,2010/12/10,10.6,8,1
1805,2010/12/11,13.1,8,1
1806,2010/12/12,11.9,8,1
1807,2010/12/13,8.2,8,1
1808,2010/12/14,11.2,8,1
1809,2010/12/15,10.6,8,1
1810,2010/12/16,6.1,8,1
1811,2010/12/17,7.0,8,1
1812,2010/12/18,8.2,8,1
1813,2010/12/19,7.4,8,1
1814,2010/12/20,10.7,8,1
1815,2010/12/21,9.9,8,1
1816,2010/12/22,13.3,8,1
1817,2010/12/23,12.1,8,1
1818,2010/12/24,8.2,8,1
1819,2010/12/25,5.6,8,1
1820,2010/12/26,6.7,8,1
1821,2010/12/27,7.2,8,1
1822,2010/12/28,7.2,8,1
1823,2010/12/29,8.1,8,1
1824,2010/12/30,4.9,8,1
1825,2010/12/31,5.8,8,1
1826,2011/1/1,6.6,8,1
1827,2011/1/2,7.0,8,1
1828,2011/1/3,5.9,8,1
1829,2011/1/4,6.3,8,1
1830,2011/1/5,7.3,8,1
1831,2011/1/6,6.5,8,1
1832,2011/1/7,4.0,8,1
1833,2011/1/8,5.9,8,1
1834,2011/1/9,6.1,8,1
1835,2011/1/10,3.4,8,1
1836,2011/1/11,3.8,8,1
1837,2011/1/12,5.1,8,1
1838,2011/1/13,4.4,8,1
1839,2011/1/14,3.8,8,1
1840,2011/1/15,4.0,8,1
1841,2011/1/16,2.2,8,1
1842,2011/1/17,5.0,8,1
1843,2011/1/18,5.5,8,1
1844,2011/1/19,6.3,8,1
1845,2011/1/20,5.4,8,1
1846,2011/1/21,5.0,8,1
1847,2011/1/22,6.0,8,1
1848,2011/1/23,5.7,8,1
1849,2011/1/24,5.1,8,1
1850,2011/1/25,5.9,8,1
1851,2011/1/26,5.3,8,1
1852,2011/1/27,5.5,8,1
1853,2011/1/28,3.7,8,1
1854,2011/1/29,4.2,8,1
1855,2011/1/30,2.9,8,1
1856,2011/1/31,2.9,8,1
1857,2011/2/1,5.9,8,1
1858,2011/2/2,5.8,8,1
1859,2011/2/3,7.4,8,1
1860,2011/2/4,8.8,8,1
1861,2011/2/5,8.1,8,1
1862,2011/2/6,8.3,8,1
1863,2011/2/7,8.2,8,1
1864,2011/2/8,5.8,8,1
1865,2011/2/9,5.0,8,1
1866,2011/2/10,6.5,8,1
1867,2011/2/11,2.0,8,1
1868,2011/2/12,2.1,8,1
1869,2011/2/13,4.7,8,1
1870,2011/2/14,3.3,8,1
1871,2011/2/15,5.3,8,1
1872,2011/2/16,6.8,8,1
1873,2011/2/17,10.0,8,1
1874,2011/2/18,9.1,8,1
1875,2011/2/19,6.1,8,1
1876,2011/2/20,7.0,8,1
1877,2011/2/21,7.1,8,1
1878,2011/2/22,6.5,8,1
1879,2011/2/23,8.4,8,1
1880,2011/2/24,11.4,8,1
1881,2011/2/25,14.1,8,1
1882,2011/2/26,7.2,8,1
1883,2011/2/27,10.4,8,1
1884,2011/2/28,4.9,8,1
1885,2011/3/1,5.8,8,1
1886,2011/3/2,6.8,8,1
1887,2011/3/3,4.4,8,1
1888,2011/3/4,4.6,8,1
1889,2011/3/5,7.4,8,1
1890,2011/3/6,9.3,8,1
1891,2011/3/7,4.5,8,1
1892,2011/3/8,6.9,8,1
1893,2011/3/9,7.4,8,1
1894,2011/3/10,6.2,8,1
1895,2011/3/11,6.5,8,1
1896,2011/3/12,8.2,8,1
1897,2011/3/13,11.3,8,1
1898,2011/3/14,14.1,8,1
1899,2011/3/15,10.9,8,1
1900,2011/3/16,7.5,8,1
1901,2011/3/17,4.6,8,1
1902,2011/3/18,6.1,8,1
1903,2011/3/19,12.3,8,1
1904,2011/3/20,13.7,8,1
1905,2011/3/21,9.6,8,1
1906,2011/3/22,6.9,8,1
1907,2011/3/23,6.4,8,1
1908,2011/3/24,5.4,8,1
1909,2011/3/25,8.1,8,1
1910,2011/3/26,7.4,8,1
1911,2011/3/27,7.4,8,1
1912,2011/3/28,8.6,8,1
1913,2011/3/29,10.9,8,1
1914,2011/3/30,11.6,8,1
1915,2011/3/31,9.7,8,1
1916,2011/4/1,11.2,8,1
1917,2011/4/2,13.4,8,1
1918,2011/4/3,7.9,8,1
1919,2011/4/4,9.0,8,1
1920,2011/4/5,10.1,8,1
1921,2011/4/6,13.7,8,1
1922,2011/4/7,15.7,8,1
1923,2011/4/8,17.2,8,1
1924,2011/4/9,16.1,8,1
1925,2011/4/10,13.7,8,1
1926,2011/4/11,13.7,8,1
1927,2011/4/12,11.4,8,1
1928,2011/4/13,14.3,8,1
1929,2011/4/14,16.7,8,1
1930,2011/4/15,18.4,8,1
1931,2011/4/16,18.6,8,1
1932,2011/4/17,13.6,8,1
1933,2011/4/18,14.9,8,1
1934,2011/4/19,10.8,8,1
1935,2011/4/20,10.9,8,1
1936,2011/4/21,12.4,8,1
1937,2011/4/22,15.5,8,1
1938,2011/4/23,16.5,8,1
1939,2011/4/24,16.1,8,1
1940,2011/4/25,15.0,8,1
1941,2011/4/26,16.2,8,1
1942,2011/4/27,20.1,8,1
1943,2011/4/28,19.8,8,1
1944,2011/4/29,15.1,8,1
1945,2011/4/30,17.6,8,1
1946,2011/5/1,18.4,8,1
1947,2011/5/2,19.6,8,1
1948,2011/5/3,15.8,8,1
1949,2011/5/4,17.3,8,1
1950,2011/5/5,15.1,8,1
1951,2011/5/6,16.0,8,1
1952,2011/5/7,17.0,8,1
1953,2011/5/8,20.6,8,1
1954,2011/5/9,19.7,8,1
1955,2011/5/10,22.8,8,1
1956,2011/5/11,15.2,8,1
1957,2011/5/12,15.6,8,1
1958,2011/5/13,19.8,8,1
1959,2011/5/14,20.1,8,1
1960,2011/5/15,20.5,8,1
1961,2011/5/16,20.3,8,1
1962,2011/5/17,18.2,8,1
1963,2011/5/18,19.4,8,1
1964,2011/5/19,20.9,8,1
1965,2011/5/20,22.0,8,1
1966,2011/5/21,22.8,8,1
1967,2011/5/22,20.8,8,1
1968,2011/5/23,15.6,8,1
1969,2011/5/24,14.6,8,1
1970,2011/5/25,18.7,8,1
1971,2011/5/26,19.3,8,1
1972,2011/5/27,18.8,8,1
1973,2011/5/28,18.4,8,1
1974,2011/5/29,18.0,8,1
1975,2011/5/30,17.4,8,1
1976,2011/5/31,15.2,8,1
1977,2011/6/1,15.2,8,1
1978,2011/6/2,16.0,8,1
1979,2011/6/3,19.8,8,1
1980,2011/6/4,22.1,8,1
1981,2011/6/5,22.2,8,1
1982,2011/6/6,22.9,8,1
1983,2011/6/7,21.6,8,1
1984,2011/6/8,19.7,8,1
1985,2011/6/9,21.8,8,1
1986,2011/6/10,22.8,8,1
1987,2011/6/11,22.2,8,1
1988,2011/6/12,23.2,8,1
1989,2011/6/13,20.9,8,1
1990,2011/6/14,21.7,8,1
1991,2011/6/15,21.3,8,1
1992,2011/6/16,21.1,8,1
1993,2011/6/17,19.2,8,1
1994,2011/6/18,20.3,8,1
1995,2011/6/19,21.8,8,1
1996,2011/6/20,23.9,8,1
1997,2011/6/21,25.5,8,1
1998,2011/6/22,27.2,8,1
1999,2011/6/23,28.2,8,1
2000,2011/6/24,29.1,8,1
2001,2011/6/25,24.3,8,1
2002,2011/6/26,21.3,8,1
2003,2011/6/27,22.3,8,1
2004,2011/6/28,27.3,8,1
2005,2011/6/29,29.8,8,1
2006,2011/6/30,28.7,8,1
2007,2011/7/1,28.7,8,1
2008,2011/7/2,26.5,8,1
2009,2011/7/3,27.6,8,1
2010,2011/7/4,29.6,8,1
2011,2011/7/5,28.0,8,1
2012,2011/7/6,28.0,8,1
2013,2011/7/7,26.8,8,1
2014,2011/7/8,28.6,8,1
2015,2011/7/9,29.4,8,1
2016,2011/7/10,29.3,8,1
2017,2011/7/11,29.2,8,1
2018,2011/7/12,28.7,8,1
2019,2011/7/13,28.6,8,1
2020,2011/7/14,28.9,8,1
2021,2011/7/15,29.4,8,1
2022,2011/7/16,29.0,8,1
2023,2011/7/17,29.6,8,1
2024,2011/7/18,30.1,8,1
2025,2011/7/19,27.9,8,1
2026,2011/7/20,25.9,8,1
2027,2011/7/21,20.7,8,1
2028,2011/7/22,21.0,8,1
2029,2011/7/23,23.1,8,1
2030,2011/7/24,26.0,8,1
2031,2011/7/25,27.6,8,1
2032,2011/7/26,27.5,8,1
2033,2011/7/27,28.3,8,1
2034,2011/7/28,26.4,8,1
2035,2011/7/29,26.5,8,1
2036,2011/7/30,25.7,8,1
2037,2011/7/31,23.5,8,1
2038,2011/8/1,24.5,8,1
2039,2011/8/2,25.5,8,1
2040,2011/8/3,26.1,8,1
2041,2011/8/4,27.4,8,1
2042,2011/8/5,27.8,8,1
2043,2011/8/6,29.0,8,1
2044,2011/8/7,28.9,8,1
2045,2011/8/8,29.3,8,1
2046,2011/8/9,30.2,8,1
2047,2011/8/10,30.5,8,1
2048,2011/8/11,31.0,8,1
2049,2011/8/12,31.2,8,1
2050,2011/8/13,30.0,8,1
2051,2011/8/14,30.0,8,1
2052,2011/8/15,30.3,8,1
2053,2011/8/16,30.3,8,1
2054,2011/8/17,30.7,8,1
2055,2011/8/18,31.9,8,1
2056,2011/8/19,25.3,8,1
2057,2011/8/20,23.7,8,1
2058,2011/8/21,20.6,8,1
2059,2011/8/22,21.2,8,1
2060,2011/8/23,25.9,8,1
2061,2011/8/24,28.1,8,1
2062,2011/8/25,27.2,8,1
2063,2011/8/26,26.2,8,1
2064,2011/8/27,24.3,8,1
2065,2011/8/28,25.6,8,1
2066,2011/8/29,26.0,8,1
2067,2011/8/30,26.3,8,1
2068,2011/8/31,26.4,8,1
2069,2011/9/1,28.5,8,1
2070,2011/9/2,28.5,8,1
2071,2011/9/3,28.0,8,1
2072,2011/9/4,27.2,8,1
2073,2011/9/5,26.5,8,1
2074,2011/9/6,24.5,8,1
2075,2011/9/7,24.9,8,1
2076,2011/9/8,25.7,8,1
2077,2011/9/9,27.8,8,1
2078,2011/9/10,28.4,8,1
2079,2011/9/11,27.7,8,1
2080,2011/9/12,28.3,8,1
2081,2011/9/13,28.3,8,1
2082,2011/9/14,28.3,8,1
2083,2011/9/15,28.3,8,1
2084,2011/9/16,28.2,8,1
2085,2011/9/17,28.0,8,1
2086,2011/9/18,28.5,8,1
2087,2011/9/19,25.7,8,1
2088,2011/9/20,19.9,8,1
2089,2011/9/21,22.2,8,1
2090,2011/9/22,23.4,8,1
2091,2011/9/23,20.3,8,1
2092,2011/9/24,20.5,8,1
2093,2011/9/25,20.2,8,1
2094,2011/9/26,18.9,8,1
2095,2011/9/27,20.2,8,1
2096,2011/9/28,20.5,8,1
2097,2011/9/29,21.9,8,1
2098,2011/9/30,24.6,8,1
2099,2011/10/1,22.2,8,1
2100,2011/10/2,18.5,8,1
2101,2011/10/3,18.8,8,1
2102,2011/10/4,18.5,8,1
2103,2011/10/5,15.9,8,1
2104,2011/10/6,20.4,8,1
2105,2011/10/7,21.1,8,1
2106,2011/10/8,19.7,8,1
2107,2011/10/9,20.1,8,1
2108,2011/10/10,20.4,8,1
2109,2011/10/11,21.2,8,1
2110,2011/10/12,20.5,8,1
2111,2011/10/13,20.5,8,1
2112,2011/10/14,21.2,8,1
2113,2011/10/15,24.3,8,1
2114,2011/10/16,24.8,8,1
2115,2011/10/17,21.5,8,1
2116,2011/10/18,19.1,8,1
2117,2011/10/19,15.9,8,1
2118,2011/10/20,17.7,8,1
2119,2011/10/21,18.3,8,1
2120,2011/10/22,19.5,8,1
2121,2011/10/23,22.7,8,1
2122,2011/10/24,20.7,8,1
2123,2011/10/25,21.8,8,1
2124,2011/10/26,16.7,8,1
2125,2011/10/27,15.2,8,1
2126,2011/10/28,15.5,8,1
2127,2011/10/29,16.0,8,1
2128,2011/10/30,16.9,8,1
2129,2011/10/31,18.7,8,1
2130,2011/11/1,17.7,8,1
2131,2011/11/2,17.2,8,1
2132,2011/11/3,18.4,8,1
2133,2011/11/4,18.4,8,1
2134,2011/11/5,18.9,8,1
2135,2011/11/6,18.1,8,1
2136,2011/11/7,18.6,8,1
2137,2011/11/8,15.7,8,1
2138,2011/11/9,14.3,8,1
2139,2011/11/10,14.1,8,1
2140,2011/11/11,12.4,8,1
2141,2011/11/12,16.4,8,1
2142,2011/11/13,17.8,8,1
2143,2011/11/14,16.9,8,1
2144,2011/11/15,14.0,8,1
2145,2011/11/16,12.6,8,1
2146,2011/11/17,14.5,8,1
2147,2011/11/18,12.6,8,1
2148,2011/11/19,16.3,8,1
2149,2011/11/20,17.4,8,1
2150,2011/11/21,12.6,8,1
2151,2011/11/22,11.1,8,1
2152,2011/11/23,12.4,8,1
2153,2011/11/24,13.3,8,1
2154,2011/11/25,11.4,8,1
2155,2011/11/26,10.9,8,1
2156,2011/11/27,11.0,8,1
2157,2011/11/28,12.1,8,1
2158,2011/11/29,14.4,8,1
2159,2011/11/30,14.6,8,1
2160,2011/12/1,7.8,8,1
2161,2011/12/2,6.1,8,1
2162,2011/12/3,11.1,8,1
2163,2011/12/4,13.4,8,1
2164,2011/12/5,11.0,8,1
2165,2011/12/6,8.0,8,1
2166,2011/12/7,9.8,8,1
2167,2011/12/8,8.0,8,1
2168,2011/12/9,5.5,8,1
2169,2011/12/10,7.3,8,1
2170,2011/12/11,8.1,8,1
2171,2011/12/12,9.7,8,1
2172,2011/12/13,9.7,8,1
2173,2011/12/14,7.9,8,1
2174,2011/12/15,10.4,8,1
2175,2011/12/16,9.0,8,1
2176,2011/12/17,6.1,8,1
2177,2011/12/18,7.0,8,1
2178,2011/12/19,6.5,8,1
2179,2011/12/20,7.0,8,1
2180,2011/12/21,5.8,8,1
2181,2011/12/22,5.8,8,1
2182,2011/12/23,6.0,8,1
2183,2011/12/24,5.5,8,1
2184,2011/12/25,5.2,8,1
2185,2011/12/26,4.9,8,1
2186,2011/12/27,5.2,8,1
2187,2011/12/28,6.2,8,1
2188,2011/12/29,6.0,8,1
2189,2011/12/30,6.2,8,1
2190,2011/12/31,5.6,8,1
2191,2012/1/1,5.7,8,1
2192,2012/1/2,6.0,8,1
2193,2012/1/3,6.6,8,1
2194,2012/1/4,5.4,8,1
2195,2012/1/5,5.5,8,1
2196,2012/1/6,6.3,8,1
2197,2012/1/7,5.7,8,1
2198,2012/1/8,5.8,8,1
2199,2012/1/9,5.9,8,1
2200,2012/1/10,6.7,8,1
2201,2012/1/11,5.8,8,1
2202,2012/1/12,3.8,8,1
2203,2012/1/13,5.6,8,1
2204,2012/1/14,5.1,8,1
2205,2012/1/15,4.5,8,1
2206,2012/1/16,4.5,8,1
2207,2012/1/17,4.9,8,1
2208,2012/1/18,5.4,8,1
2209,2012/1/19,6.2,8,1
2210,2012/1/20,2.8,8,1
2211,2012/1/21,3.4,8,1
2212,2012/1/22,5.3,8,1
2213,2012/1/23,5.0,8,1
2214,2012/1/24,3.0,8,1
2215,2012/1/25,4.1,8,1
2216,2012/1/26,3.2,8,1
2217,2012/1/27,3.2,8,1
2218,2012/1/28,2.6,8,1
2219,2012/1/29,2.9,8,1
2220,2012/1/30,3.7,8,1
2221,2012/1/31,4.1,8,1
2222,2012/2/1,6.0,8,1
2223,2012/2/2,2.6,8,1
2224,2012/2/3,2.8,8,1
2225,2012/2/4,5.5,8,1
2226,2012/2/5,6.1,8,1
2227,2012/2/6,4.9,8,1
2228,2012/2/7,7.7,8,1
2229,2012/2/8,6.6,8,1
2230,2012/2/9,4.7,8,1
2231,2012/2/10,5.7,8,1
2232,2012/2/11,5.4,8,1
2233,2012/2/12,5.0,8,1
2234,2012/2/13,5.8,8,1
2235,2012/2/14,5.2,8,1
2236,2012/2/15,7.6,8,1
2237,2012/2/16,3.3,8,1
2238,2012/2/17,3.7,8,1
2239,2012/2/18,2.5,8,1
2240,2012/2/19,3.3,8,1
2241,2012/2/20,5.8,8,1
2242,2012/2/21,8.1,8,1
2243,2012/2/22,7.9,8,1
2244,2012/2/23,7.8,8,1
2245,2012/2/24,11.5,8,1
2246,2012/2/25,5.8,8,1
2247,2012/2/26,6.0,8,1
2248,2012/2/27,4.7,8,1
2249,2012/2/28,3.7,8,1
2250,2012/2/29,2.3,8,1
2251,2012/3/1,8.2,8,1
2252,2012/3/2,7.3,8,1
2253,2012/3/3,7.1,8,1
2254,2012/3/4,5.5,8,1
2255,2012/3/5,5.7,8,1
2256,2012/3/6,11.4,8,1
2257,2012/3/7,12.6,8,1
2258,2012/3/8,9.6,8,1
2259,2012/3/9,7.3,8,1
2260,2012/3/10,5.3,8,1
2261,2012/3/11,7.4,8,1
2262,2012/3/12,7.2,8,1
2263,2012/3/13,6.8,8,1
2264,2012/3/14,7.2,8,1
2265,2012/3/15,7.9,8,1
2266,2012/3/16,7.7,8,1
2267,2012/3/17,6.8,8,1
2268,2012/3/18,9.6,8,1
2269,2012/3/19,9.1,8,1
2270,2012/3/20,8.2,8,1
2271,2012/3/21,8.1,8,1
2272,2012/3/22,10.1,8,1
2273,2012/3/23,9.9,8,1
2274,2012/3/24,8.4,8,1
2275,2012/3/25,9.1,8,1
2276,2012/3/26,8.2,8,1
2277,2012/3/27,9.6,8,1
2278,2012/3/28,11.2,8,1
2279,2012/3/29,11.7,8,1
2280,2012/3/30,15.3,8,1
2281,2012/3/31,14.1,8,1
2282,2012/4/1,10.0,8,1
2283,2012/4/2,10.8,8,1
2284,2012/4/3,14.0,8,1
2285,2012/4/4,11.9,8,1
2286,2012/4/5,14.8,8,1
2287,2012/4/6,10.7,8,1
2288,2012/4/7,8.8,8,1
2289,2012/4/8,9.5,8,1
2290,2012/4/9,16.6,8,1
2291,2012/4/10,16.4,8,1
2292,2012/4/11,15.7,8,1
2293,2012/4/12,17.4,8,1
2294,2012/4/13,17.2,8,1
2295,2012/4/14,9.9,8,1
2296,2012/4/15,11.8,8,1
2297,2012/4/16,13.1,8,1
2298,2012/4/17,14.9,8,1
2299,2012/4/18,15.0,8,1
2300,2012/4/19,14.2,8,1
2301,2012/4/20,13.3,8,1
2302,2012/4/21,11.8,8,1
2303,2012/4/22,11.3,8,1
2304,2012/4/23,13.4,8,1
2305,2012/4/24,18.3,8,1
2306,2012/4/25,18.4,8,1
2307,2012/4/26,18.3,8,1
2308,2012/4/27,16.6,8,1
2309,2012/4/28,18.3,8,1
2310,2012/4/29,20.6,8,1
2311,2012/4/30,20.7,8,1
2312,2012/5/1,20.5,8,1
2313,2012/5/2,18.8,8,1
2314,2012/5/3,17.9,8,1
2315,2012/5/4,18.6,8,1
2316,2012/5/5,21.2,8,1
2317,2012/5/6,19.7,8,1
2318,2012/5/7,18.5,8,1
2319,2012/5/8,20.5,8,1
2320,2012/5/9,19.3,8,1
2321,2012/5/10,17.1,8,1
2322,2012/5/11,17.4,8,1
2323,2012/5/12,16.3,8,1
2324,2012/5/13,17.0,8,1
2325,2012/5/14,19.7,8,1
2326,2012/5/15,18.7,8,1
2327,2012/5/16,22.0,8,1
2328,2012/5/17,21.6,8,1
2329,2012/5/18,18.8,8,1
2330,2012/5/19,20.3,8,1
2331,2012/5/20,21.3,8,1
2332,2012/5/21,20.2,8,1
2333,2012/5/22,14.6,8,1
2334,2012/5/23,18.7,8,1
2335,2012/5/24,22.0,8,1
2336,2012/5/25,20.4,8,1
2337,2012/5/26,21.0,8,1
2338,2012/5/27,22.5,8,1
2339,2012/5/28,21.4,8,1
2340,2012/5/29,20.7,8,1
2341,2012/5/30,20.1,8,1
2342,2012/5/31,20.3,8,1
2343,2012/6/1,21.3,8,1
2344,2012/6/2,21.6,8,1
2345,2012/6/3,20.3,8,1
2346,2012/6/4,22.1,8,1
2347,2012/6/5,21.7,8,1
2348,2012/6/6,19.4,8,1
2349,2012/6/7,21.1,8,1
2350,2012/6/8,23.5,8,1
2351,2012/6/9,19.0,8,1
2352,2012/6/10,21.9,8,1
2353,2012/6/11,20.0,8,1
2354,2012/6/12,16.9,8,1
2355,2012/6/13,17.4,8,1
2356,2012/6/14,18.6,8,1
2357,2012/6/15,20.3,8,1
2358,2012/6/16,20.2,8,1
2359,2012/6/17,23.3,8,1
2360,2012/6/18,24.5,8,1
2361,2012/6/19,23.9,8,1
2362,2012/6/20,26.9,8,1
2363,2012/6/21,23.7,8,1
2364,2012/6/22,21.1,8,1
2365,2012/6/23,22.2,8,1
2366,2012/6/24,22.6,8,1
2367,2012/6/25,18.4,8,1
2368,2012/6/26,19.5,8,1
2369,2012/6/27,20.6,8,1
2370,2012/6/28,22.5,8,1
2371,2012/6/29,23.4,8,1
2372,2012/6/30,23.3,8,1
2373,2012/7/1,21.9,8,1
2374,2012/7/2,22.8,8,1
2375,2012/7/3,23.5,8,1
2376,2012/7/4,24.8,8,1
2377,2012/7/5,26.7,8,1
2378,2012/7/6,25.3,8,1
2379,2012/7/7,23.0,8,1
2380,2012/7/8,22.6,8,1
2381,2012/7/9,24.9,8,1
2382,2012/7/10,26.5,8,1
2383,2012/7/11,27.0,8,1
2384,2012/7/12,26.7,8,1
2385,2012/7/13,27.4,8,1
2386,2012/7/14,28.6,8,1
2387,2012/7/15,29.1,8,1
2388,2012/7/16,29.5,8,1
2389,2012/7/17,29.9,8,1
2390,2012/7/18,28.5,8,1
2391,2012/7/19,28.2,8,1
2392,2012/7/20,20.5,8,1
2393,2012/7/21,19.6,8,1
2394,2012/7/22,20.8,8,1
2395,2012/7/23,25.1,8,1
2396,2012/7/24,27.8,8,1
2397,2012/7/25,29.5,8,1
2398,2012/7/26,30.8,8,1
2399,2012/7/27,30.0,8,1
2400,2012/7/28,30.1,8,1
2401,2012/7/29,29.5,8,1
2402,2012/7/30,29.6,8,1
2403,2012/7/31,29.0,8,1
2404,2012/8/1,29.4,8,1
2405,2012/8/2,30.2,8,1
2406,2012/8/3,29.8,8,1
2407,2012/8/4,28.6,8,1
2408,2012/8/5,29.8,8,1
2409,2012/8/6,27.4,8,1
2410,2012/8/7,28.7,8,1
2411,2012/8/8,25.8,8,1
2412,2012/8/9,25.9,8,1
2413,2012/8/10,27.1,8,1
2414,2012/8/11,28.8,8,1
2415,2012/8/12,27.6,8,1
2416,2012/8/13,29.8,8,1
2417,2012/8/14,28.6,8,1
2418,2012/8/15,29.1,8,1
2419,2012/8/16,30.1,8,1
2420,2012/8/17,30.5,8,1
2421,2012/8/18,28.0,8,1
2422,2012/8/19,29.0,8,1
2423,2012/8/20,29.1,8,1
2424,2012/8/21,29.7,8,1
2425,2012/8/22,29.6,8,1
2426,2012/8/23,30.1,8,1
2427,2012/8/24,30.0,8,1
2428,2012/8/25,29.9,8,1
2429,2012/8/26,30.1,8,1
2430,2012/8/27,30.0,8,1
2431,2012/8/28,29.6,8,1
2432,2012/8/29,29.1,8,1
2433,2012/8/30,30.2,8,1
2434,2012/8/31,29.6,8,1
2435,2012/9/1,27.9,8,1
2436,2012/9/2,25.8,8,1
2437,2012/9/3,26.9,8,1
2438,2012/9/4,27.3,8,1
2439,2012/9/5,28.6,8,1
2440,2012/9/6,27.3,8,1
2441,2012/9/7,27.6,8,1
2442,2012/9/8,28.1,8,1
2443,2012/9/9,28.8,8,1
2444,2012/9/10,28.9,8,1
2445,2012/9/11,28.7,8,1
2446,2012/9/12,28.1,8,1
2447,2012/9/13,28.8,8,1
2448,2012/9/14,28.8,8,1
2449,2012/9/15,28.3,8,1
2450,2012/9/16,28.3,8,1
2451,2012/9/17,27.9,8,1
2452,2012/9/18,28.0,8,1
2453,2012/9/19,26.7,8,1
2454,2012/9/20,27.6,8,1
2455,2012/9/21,24.7,8,1
2456,2012/9/22,22.3,8,1
2457,2012/9/23,20.3,8,1
2458,2012/9/24,23.2,8,1
2459,2012/9/25,20.4,8,1
2460,2012/9/26,21.8,8,1
2461,2012/9/27,21.2,8,1
2462,2012/9/28,22.3,8,1
2463,2012/9/29,24.9,8,1
2464,2012/9/30,25.7,8,1
2465,2012/10/1,26.9,8,1
2466,2012/10/2,23.7,8,1
2467,2012/10/3,20.7,8,1
2468,2012/10/4,22.5,8,1
2469,2012/10/5,23.8,8,1
2470,2012/10/6,24.0,8,1
2471,2012/10/7,19.1,8,1
2472,2012/10/8,19.8,8,1
2473,2012/10/9,19.1,8,1
2474,2012/10/10,19.2,8,1
2475,2012/10/11,20.8,8,1
2476,2012/10/12,20.9,8,1
2477,2012/10/13,20.7,8,1
2478,2012/10/14,17.9,8,1
2479,2012/10/15,21.0,8,1
2480,2012/10/16,19.1,8,1
2481,2012/10/17,17.7,8,1
2482,2012/10/18,17.8,8,1
2483,2012/10/19,16.3,8,1
2484,2012/10/20,18.1,8,1
2485,2012/10/21,19.1,8,1
2486,2012/10/22,19.8,8,1
2487,2012/10/23,20.5,8,1
2488,2012/10/24,17.2,8,1
2489,2012/10/25,16.6,8,1
2490,2012/10/26,18.3,8,1
2491,2012/10/27,18.0,8,1
2492,2012/10/28,15.4,8,1
2493,2012/10/29,17.7,8,1
2494,2012/10/30,15.5,8,1
2495,2012/10/31,14.9,8,1
2496,2012/11/1,15.3,8,1
2497,2012/11/2,14.9,8,1
2498,2012/11/3,14.0,8,1
2499,2012/11/4,14.9,8,1
2500,2012/11/5,13.5,8,1
2501,2012/11/6,14.0,8,1
2502,2012/11/7,16.5,8,1
2503,2012/11/8,15.6,8,1
2504,2012/11/9,16.5,8,1
2505,2012/11/10,15.7,8,1
2506,2012/11/11,13.2,8,1
2507,2012/11/12,15.3,8,1
2508,2012/11/13,14.9,8,1
2509,2012/11/14,13.6,8,1
2510,2012/11/15,11.7,8,1
2511,2012/11/16,13.3,8,1
2512,2012/11/17,13.7,8,1
2513,2012/11/18,12.7,8,1
2514,2012/11/19,8.6,8,1
2515,2012/11/20,11.8,8,1
2516,2012/11/21,11.4,8,1
2517,2012/11/22,10.9,8,1
2518,2012/11/23,10.3,8,1
2519,2012/11/24,10.5,8,1
2520,2012/11/25,9.4,8,1
2521,2012/11/26,8.8,8,1
2522,2012/11/27,11.0,8,1
2523,2012/11/28,7.2,8,1
2524,2012/11/29,10.1,8,1
2525,2012/11/30,10.5,8,1
2526,2012/12/1,7.3,8,1
2527,2012/12/2,5.6,8,1
2528,2012/12/3,6.7,8,1
2529,2012/12/4,9.9,8,1
2530,2012/12/5,9.8,8,1
2531,2012/12/6,11.9,8,1
2532,2012/12/7,8.4,8,1
2533,2012/12/8,9.3,8,1
2534,2012/12/9,6.6,8,1
2535,2012/12/10,5.4,8,1
2536,2012/12/11,6.7,8,1
2537,2012/12/12,7.2,8,1
2538,2012/12/13,7.1,8,1
2539,2012/12/14,7.3,8,1
2540,2012/12/15,7.2,8,1
2541,2012/12/16,12.0,8,1
2542,2012/12/17,7.9,8,1
2543,2012/12/18,10.4,8,1
2544,2012/12/19,6.1,8,1
2545,2012/12/20,6.6,8,1
2546,2012/12/21,6.8,8,1
2547,2012/12/22,6.8,8,1
2548,2012/12/23,7.1,8,1
2549,2012/12/24,5.1,8,1
2550,2012/12/25,4.5,8,1
2551,2012/12/26,4.4,8,1
2552,2012/12/27,3.9,8,1
2553,2012/12/28,4.2,8,1
2554,2012/12/29,7.5,8,1
2555,2012/12/30,7.2,8,1
2556,2012/12/31,8.8,8,1
2557,2013/1/1,6.5,8,1
2558,2013/1/2,10.0,8,1
2559,2013/1/3,5.6,8,1
2560,2013/1/4,3.2,8,1
2561,2013/1/5,2.8,8,1
2562,2013/1/6,4.7,8,1
2563,2013/1/7,5.5,8,1
2564,2013/1/8,6.6,8,1
2565,2013/1/9,6.7,8,1
2566,2013/1/10,5.5,8,1
2567,2013/1/11,5.1,8,1
2568,2013/1/12,4.6,8,1
2569,2013/1/13,7.6,8,1
2570,2013/1/14,3.5,8,1
2571,2013/1/15,4.4,8,1
2572,2013/1/16,3.6,8,1
2573,2013/1/17,4.3,8,1
2574,2013/1/18,3.3,8,1
2575,2013/1/19,5.2,8,1
2576,2013/1/20,6.1,8,1
2577,2013/1/21,6.5,8,1
2578,2013/1/22,6.2,8,1
2579,2013/1/23,6.5,8,1
2580,2013/1/24,6.0,8,1
2581,2013/1/25,6.8,8,1
2582,2013/1/26,3.8,8,1
2583,2013/1/27,4.8,8,1
2584,2013/1/28,5.4,8,1
2585,2013/1/29,7.1,8,1
2586,2013/1/30,8.1,8,1
2587,2013/1/31,5.8,8,1
2588,2013/2/1,7.9,8,1
2589,2013/2/2,15.6,8,1
2590,2013/2/3,9.9,8,1
2591,2013/2/4,10.1,8,1
2592,2013/2/5,9.5,8,1
2593,2013/2/6,3.4,8,1
2594,2013/2/7,7.1,8,1
2595,2013/2/8,4.7,8,1
2596,2013/2/9,4.4,8,1
2597,2013/2/10,5.4,8,1
2598,2013/2/11,5.0,8,1
2599,2013/2/12,4.1,8,1
2600,2013/2/13,6.7,8,1
2601,2013/2/14,7.3,8,1
2602,2013/2/15,5.4,8,1
2603,2013/2/16,3.1,8,1
2604,2013/2/17,4.1,8,1
2605,2013/2/18,5.2,8,1
2606,2013/2/19,5.5,8,1
2607,2013/2/20,4.4,8,1
2608,2013/2/21,4.5,8,1
2609,2013/2/22,5.5,8,1
2610,2013/2/23,6.2,8,1
2611,2013/2/24,3.6,8,1
2612,2013/2/25,3.0,8,1
2613,2013/2/26,5.5,8,1
2614,2013/2/27,5.5,8,1
2615,2013/2/28,9.9,8,1
2616,2013/3/1,13.6,8,1
2617,2013/3/2,8.7,8,1
2618,2013/3/3,6.8,8,1
2619,2013/3/4,6.4,8,1
2620,2013/3/5,8.4,8,1
2621,2013/3/6,11.0,8,1
2622,2013/3/7,13.5,8,1
2623,2013/3/8,17.7,8,1
2624,2013/3/9,16.7,8,1
2625,2013/3/10,13.6,8,1
2626,2013/3/11,7.9,8,1
2627,2013/3/12,10.7,8,1
2628,2013/3/13,17.2,8,1
2629,2013/3/14,8.3,8,1
2630,2013/3/15,9.2,8,1
2631,2013/3/16,12.5,8,1
2632,2013/3/17,12.9,8,1
2633,2013/3/18,18.3,8,1
2634,2013/3/19,19.7,8,1
2635,2013/3/20,17.4,8,1
2636,2013/3/21,11.7,8,1
2637,2013/3/22,13.2,8,1
2638,2013/3/23,13.7,8,1
2639,2013/3/24,11.0,8,1
2640,2013/3/25,9.8,8,1
2641,2013/3/26,9.4,8,1
2642,2013/3/27,8.3,8,1
2643,2013/3/28,15.0,8,1
2644,2013/3/29,16.0,8,1
2645,2013/3/30,9.0,8,1
2646,2013/3/31,7.4,8,1
2647,2013/4/1,11.2,8,1
2648,2013/4/2,10.6,8,1
2649,2013/4/3,13.7,8,1
2650,2013/4/4,17.2,8,1
2651,2013/4/5,18.1,8,1
2652,2013/4/6,17.4,8,1
2653,2013/4/7,17.7,8,1
2654,2013/4/8,14.7,8,1
2655,2013/4/9,16.9,8,1
2656,2013/4/10,13.6,8,1
2657,2013/4/11,9.7,8,1
2658,2013/4/12,11.4,8,1
2659,2013/4/13,12.3,8,1
2660,2013/4/14,16.6,8,1
2661,2013/4/15,17.2,8,1
2662,2013/4/16,16.4,8,1
2663,2013/4/17,20.9,8,1
2664,2013/4/18,19.9,8,1
2665,2013/4/19,14.5,8,1
2666,2013/4/20,9.2,8,1
2667,2013/4/21,7.4,8,1
2668,2013/4/22,11.8,8,1
2669,2013/4/23,14.3,8,1
2670,2013/4/24,16.8,8,1
2671,2013/4/25,18.0,8,1
2672,2013/4/26,17.5,8,1
2673,2013/4/27,15.8,8,1
2674,2013/4/28,16.8,8,1
2675,2013/4/29,17.9,8,1
2676,2013/4/30,19.6,8,1
2677,2013/5/1,14.5,8,1
2678,2013/5/2,14.6,8,1
2679,2013/5/3,14.8,8,1
2680,2013/5/4,16.2,8,1
2681,2013/5/5,18.1,8,1
2682,2013/5/6,20.1,8,1
2683,2013/5/7,15.5,8,1
2684,2013/5/8,17.3,8,1
2685,2013/5/9,19.5,8,1
2686,2013/5/10,22.4,8,1
2687,2013/5/11,18.9,8,1
2688,2013/5/12,19.9,8,1
2689,2013/5/13,19.2,8,1
2690,2013/5/14,22.8,8,1
2691,2013/5/15,20.7,8,1
2692,2013/5/16,20.5,8,1
2693,2013/5/17,18.0,8,1
2694,2013/5/18,19.9,8,1
2695,2013/5/19,20.1,8,1
2696,2013/5/20,19.1,8,1
2697,2013/5/21,23.2,8,1
2698,2013/5/22,22.3,8,1
2699,2013/5/23,22.5,8,1
2700,2013/5/24,22.2,8,1
2701,2013/5/25,18.2,8,1
2702,2013/5/26,21.7,8,1
2703,2013/5/27,22.3,8,1
2704,2013/5/28,22.2,8,1
2705,2013/5/29,22.0,8,1
2706,2013/5/30,21.4,8,1
2707,2013/5/31,22.6,8,1
2708,2013/6/1,20.3,8,1
2709,2013/6/2,18.3,8,1
2710,2013/6/3,20.0,8,1
2711,2013/6/4,23.2,8,1
2712,2013/6/5,22.8,8,1
2713,2013/6/6,22.6,8,1
2714,2013/6/7,22.2,8,1
2715,2013/6/8,22.3,8,1
2716,2013/6/9,23.6,8,1
2717,2013/6/10,23.6,8,1
2718,2013/6/11,21.4,8,1
2719,2013/6/12,21.1,8,1
2720,2013/6/13,21.4,8,1
2721,2013/6/14,23.5,8,1
2722,2013/6/15,26.0,8,1
2723,2013/6/16,22.9,8,1
2724,2013/6/17,24.6,8,1
2725,2013/6/18,26.9,8,1
2726,2013/6/19,26.7,8,1
2727,2013/6/20,22.3,8,1
2728,2013/6/21,21.8,8,1
2729,2013/6/22,22.8,8,1
2730,2013/6/23,23.4,8,1
2731,2013/6/24,23.3,8,1
2732,2013/6/25,24.1,8,1
2733,2013/6/26,21.8,8,1
2734,2013/6/27,23.0,8,1
2735,2013/6/28,22.4,8,1
2736,2013/6/29,24.0,8,1
2737,2013/6/30,24.2,8,1
2738,2013/7/1,23.8,8,1
2739,2013/7/2,24.3,8,1
2740,2013/7/3,24.1,8,1
2741,2013/7/4,25.2,8,1
2742,2013/7/5,26.8,8,1
2743,2013/7/6,29.2,8,1
2744,2013/7/7,29.5,8,1
2745,2013/7/8,29.4,8,1
2746,2013/7/9,30.1,8,1
2747,2013/7/10,30.2,8,1
2748,2013/7/11,30.3,8,1
2749,2013/7/12,30.9,8,1
2750,2013/7/13,30.7,8,1
2751,2013/7/14,29.3,8,1
2752,2013/7/15,28.5,8,1
2753,2013/7/16,25.3,8,1
2754,2013/7/17,24.6,8,1
2755,2013/7/18,27.7,8,1
2756,2013/7/19,25.4,8,1
2757,2013/7/20,23.9,8,1
2758,2013/7/21,24.8,8,1
2759,2013/7/22,26.5,8,1
2760,2013/7/23,28.0,8,1
2761,2013/7/24,25.4,8,1
2762,2013/7/25,26.7,8,1
2763,2013/7/26,28.4,8,1
2764,2013/7/27,27.6,8,1
2765,2013/7/28,27.3,8,1
2766,2013/7/29,26.3,8,1
2767,2013/7/30,27.8,8,1
2768,2013/7/31,27.4,8,1
2769,2013/8/1,27.5,8,1
2770,2013/8/2,25.6,8,1
2771,2013/8/3,26.7,8,1
2772,2013/8/4,27.8,8,1
2773,2013/8/5,29.1,8,1
2774,2013/8/6,28.7,8,1
2775,2013/8/7,30.0,8,1
2776,2013/8/8,30.3,8,1
2777,2013/8/9,31.0,8,1
2778,2013/8/10,33.2,8,1
2779,2013/8/11,32.9,8,1
2780,2013/8/12,31.3,8,1
2781,2013/8/13,30.0,8,1
2782,2013/8/14,30.2,8,1
2783,2013/8/15,30.0,8,1
2784,2013/8/16,29.7,8,1
2785,2013/8/17,29.6,8,1
2786,2013/8/18,29.6,8,1
2787,2013/8/19,30.3,8,1
2788,2013/8/20,30.5,8,1
2789,2013/8/21,29.1,8,1
2790,2013/8/22,28.5,8,1
2791,2013/8/23,28.2,8,1
2792,2013/8/24,29.0,8,1
2793,2013/8/25,25.5,8,1
2794,2013/8/26,26.7,8,1
2795,2013/8/27,25.4,8,1
2796,2013/8/28,27.8,8,1
2797,2013/8/29,28.3,8,1
2798,2013/8/30,31.4,8,1
2799,2013/8/31,30.8,8,1
2800,2013/9/1,30.4,8,1
2801,2013/9/2,29.0,8,1
2802,2013/9/3,29.6,8,1
2803,2013/9/4,27.9,8,1
2804,2013/9/5,27.5,8,1
2805,2013/9/6,26.0,8,1
2806,2013/9/7,25.9,8,1
2807,2013/9/8,25.2,8,1
2808,2013/9/9,24.6,8,1
2809,2013/9/10,24.8,8,1
2810,2013/9/11,24.7,8,1
2811,2013/9/12,27.6,8,1
2812,2013/9/13,28.2,8,1
2813,2013/9/14,28.6,8,1
2814,2013/9/15,26.7,8,1
2815,2013/9/16,26.5,8,1
2816,2013/9/17,23.5,8,1
2817,2013/9/18,23.7,8,1
2818,2013/9/19,23.9,8,1
2819,2013/9/20,24.9,8,1
2820,2013/9/21,25.6,8,1
2821,2013/9/22,25.3,8,1
2822,2013/9/23,22.0,8,1
2823,2013/9/24,22.7,8,1
2824,2013/9/25,23.3,8,1
2825,2013/9/26,22.1,8,1
2826,2013/9/27,19.8,8,1
2827,2013/9/28,20.3,8,1
2828,2013/9/29,22.2,8,1
2829,2013/9/30,22.2,8,1
2830,2013/10/1,22.3,8,1
2831,2013/10/2,23.4,8,1
2832,2013/10/3,24.5,8,1
2833,2013/10/4,18.3,8,1
2834,2013/10/5,17.8,8,1
2835,2013/10/6,21.4,8,1
2836,2013/10/7,23.6,8,1
2837,2013/10/8,25.4,8,1
2838,2013/10/9,26.1,8,1
2839,2013/10/10,25.0,8,1
2840,2013/10/11,25.7,8,1
2841,2013/10/12,26.1,8,1
2842,2013/10/13,21.6,8,1
2843,2013/10/14,20.8,8,1
2844,2013/10/15,18.2,8,1
2845,2013/10/16,20.1,8,1
2846,2013/10/17,18.0,8,1
2847,2013/10/18,17.2,8,1
2848,2013/10/19,16.2,8,1
2849,2013/10/20,15.2,8,1
2850,2013/10/21,18.4,8,1
2851,2013/10/22,18.6,8,1
2852,2013/10/23,17.5,8,1
2853,2013/10/24,16.0,8,1
2854,2013/10/25,18.0,8,1
2855,2013/10/26,15.4,8,1
2856,2013/10/27,16.6,8,1
2857,2013/10/28,16.1,8,1
2858,2013/10/29,14.7,8,1
2859,2013/10/30,18.0,8,1
2860,2013/10/31,17.8,8,1
2861,2013/11/1,17.2,8,1
2862,2013/11/2,15.4,8,1
2863,2013/11/3,17.4,8,1
2864,2013/11/4,16.6,8,1
2865,2013/11/5,16.0,8,1
2866,2013/11/6,16.0,8,1
2867,2013/11/7,15.0,8,1
2868,2013/11/8,16.5,8,1
2869,2013/11/9,13.3,8,1
2870,2013/11/10,16.6,8,1
2871,2013/11/11,12.5,8,1
2872,2013/11/12,9.6,8,1
2873,2013/11/13,9.8,8,1
2874,2013/11/14,10.8,8,1
2875,2013/11/15,11.3,8,1
2876,2013/11/16,12.9,8,1
2877,2013/11/17,14.1,8,1
2878,2013/11/18,14.4,8,1
2879,2013/11/19,12.7,8,1
2880,2013/11/20,12.2,8,1
2881,2013/11/21,12.0,8,1
2882,2013/11/22,12.4,8,1
2883,2013/11/23,12.6,8,1
2884,2013/11/24,12.6,8,1
2885,2013/11/25,14.5,8,1
2886,2013/11/26,15.1,8,1
2887,2013/11/27,12.9,8,1
2888,2013/11/28,14.0,8,1
2889,2013/11/29,9.8,8,1
2890,2013/11/30,10.2,8,1
2891,2013/12/1,10.4,8,1
2892,2013/12/2,10.8,8,1
2893,2013/12/3,11.7,8,1
2894,2013/12/4,11.5,8,1
2895,2013/12/5,11.6,8,1
2896,2013/12/6,12.5,8,1
2897,2013/12/7,11.1,8,1
2898,2013/12/8,8.8,8,1
2899,2013/12/9,8.2,8,1
2900,2013/12/10,9.5,8,1
2901,2013/12/11,10.1,8,1
2902,2013/12/12,9.9,8,1
2903,2013/12/13,9.7,8,1
2904,2013/12/14,7.6,8,1
2905,2013/12/15,7.2,8,1
2906,2013/12/16,8.2,8,1
2907,2013/12/17,9.2,8,1
2908,2013/12/18,6.6,8,1
2909,2013/12/19,6.3,8,1
2910,2013/12/20,6.1,8,1
2911,2013/12/21,6.8,8,1
2912,2013/12/22,7.6,8,1
2913,2013/12/23,6.4,8,1
2914,2013/12/24,7.6,8,1
2915,2013/12/25,6.7,8,1
2916,2013/12/26,6.3,8,1
2917,2013/12/27,7.0,8,1
2918,2013/12/28,5.4,8,1
2919,2013/12/29,4.9,8,1
2920,2013/12/30,5.4,8,1
2921,2013/12/31,6.9,8,1
2922,2014/1/1,9.6,8,1
2923,2014/1/2,7.3,8,1
2924,2014/1/3,5.9,8,1
2925,2014/1/4,6.5,8,1
2926,2014/1/5,5.4,8,1
2927,2014/1/6,5.3,8,1
2928,2014/1/7,5.5,8,1
2929,2014/1/8,7.3,8,1
2930,2014/1/9,7.2,8,1
2931,2014/1/10,3.6,8,1
2932,2014/1/11,4.3,8,1
2933,2014/1/12,5.3,8,1
2934,2014/1/13,5.1,8,1
2935,2014/1/14,4.2,8,1
2936,2014/1/15,3.0,8,1
2937,2014/1/16,4.8,8,1
2938,2014/1/17,5.8,8,1
2939,2014/1/18,5.2,8,1
2940,2014/1/19,4.2,8,1
2941,2014/1/20,4.8,8,1
2942,2014/1/21,6.3,8,1
2943,2014/1/22,5.5,8,1
2944,2014/1/23,6.5,8,1
2945,2014/1/24,7.2,8,1
2946,2014/1/25,8.4,8,1
2947,2014/1/26,9.5,8,1
2948,2014/1/27,4.6,8,1
2949,2014/1/28,8.8,8,1
2950,2014/1/29,8.9,8,1
2951,2014/1/30,10.3,8,1
2952,2014/1/31,9.9,8,1
2953,2014/2/1,7.9,8,1
2954,2014/2/2,9.3,8,1
2955,2014/2/3,12.8,8,1
2956,2014/2/4,5.0,8,1
2957,2014/2/5,1.6,8,1
2958,2014/2/6,2.7,8,1
2959,2014/2/7,4.0,8,1
2960,2014/2/8,0.3,8,1
2961,2014/2/9,5.4,8,1
2962,2014/2/10,6.0,8,1
2963,2014/2/11,3.3,8,1
2964,2014/2/12,4.8,8,1
2965,2014/2/13,5.3,8,1
2966,2014/2/14,1.4,8,1
2967,2014/2/15,3.9,8,1
2968,2014/2/16,6.9,8,1
2969,2014/2/17,7.3,8,1
2970,2014/2/18,4.7,8,1
2971,2014/2/19,4.7,8,1
2972,2014/2/20,4.6,8,1
2973,2014/2/21,5.5,8,1
2974,2014/2/22,5.1,8,1
2975,2014/2/23,5.6,8,1
2976,2014/2/24,6.3,8,1
2977,2014/2/25,8.2,8,1
2978,2014/2/26,10.0,8,1
2979,2014/2/27,10.0,8,1
2980,2014/2/28,13.8,8,1
2981,2014/3/1,8.9,8,1
2982,2014/3/2,5.6,8,1
2983,2014/3/3,6.6,8,1
2984,2014/3/4,6.9,8,1
2985,2014/3/5,6.5,8,1
2986,2014/3/6,5.4,8,1
2987,2014/3/7,4.4,8,1
2988,2014/3/8,5.9,8,1
2989,2014/3/9,6.4,8,1
2990,2014/3/10,4.9,8,1
2991,2014/3/11,6.1,8,1
2992,2014/3/12,11.0,8,1
2993,2014/3/13,12.3,8,1
2994,2014/3/14,10.1,8,1
2995,2014/3/15,8.3,8,1
2996,2014/3/16,10.8,8,1
2997,2014/3/17,12.1,8,1
2998,2014/3/18,15.4,8,1
2999,2014/3/19,11.2,8,1
3000,2014/3/20,8.1,8,1
3001,2014/3/21,10.1,8,1
3002,2014/3/22,9.3,8,1
3003,2014/3/23,11.6,8,1
3004,2014/3/24,13.6,8,1
3005,2014/3/25,16.6,8,1
3006,2014/3/26,16.4,8,1
3007,2014/3/27,12.6,8,1
3008,2014/3/28,14.8,8,1
3009,2014/3/29,17.7,8,1
3010,2014/3/30,16.5,8,1
3011,2014/3/31,15.7,8,1
3012,2014/4/1,13.9,8,1
3013,2014/4/2,15.2,8,1
3014,2014/4/3,13.8,8,1
3015,2014/4/4,15.3,8,1
3016,2014/4/5,11.4,8,1
3017,2014/4/6,9.0,8,1
3018,2014/4/7,11.4,8,1
3019,2014/4/8,15.8,8,1
3020,2014/4/9,15.5,8,1
3021,2014/4/10,16.1,8,1
3022,2014/4/11,12.9,8,1
3023,2014/4/12,14.6,8,1
3024,2014/4/13,14.4,8,1
3025,2014/4/14,14.0,8,1
3026,2014/4/15,16.3,8,1
3027,2014/4/16,18.7,8,1
3028,2014/4/17,17.7,8,1
3029,2014/4/18,11.8,8,1
3030,2014/4/19,11.7,8,1
3031,2014/4/20,11.0,8,1
3032,2014/4/21,13.4,8,1
3033,2014/4/22,15.2,8,1
3034,2014/4/23,16.2,8,1
3035,2014/4/24,16.6,8,1
3036,2014/4/25,17.8,8,1
3037,2014/4/26,18.2,8,1
3038,2014/4/27,18.1,8,1
3039,2014/4/28,18.6,8,1
3040,2014/4/29,17.8,8,1
3041,2014/4/30,16.7,8,1
3042,2014/5/1,20.6,8,1
3043,2014/5/2,21.0,8,1
3044,2014/5/3,21.3,8,1
3045,2014/5/4,18.6,8,1
3046,2014/5/5,18.1,8,1
3047,2014/5/6,14.3,8,1
3048,2014/5/7,16.5,8,1
3049,2014/5/8,18.7,8,1
3050,2014/5/9,19.3,8,1
3051,2014/5/10,19.8,8,1
3052,2014/5/11,20.6,8,1
3053,2014/5/12,19.6,8,1
3054,2014/5/13,19.3,8,1
3055,2014/5/14,21.9,8,1
3056,2014/5/15,19.9,8,1
3057,2014/5/16,21.5,8,1
3058,2014/5/17,21.1,8,1
3059,2014/5/18,20.5,8,1
3060,2014/5/19,21.1,8,1
3061,2014/5/20,21.7,8,1
3062,2014/5/21,17.5,8,1
3063,2014/5/22,18.6,8,1
3064,2014/5/23,17.8,8,1
3065,2014/5/24,20.6,8,1
3066,2014/5/25,22.7,8,1
3067,2014/5/26,21.3,8,1
3068,2014/5/27,21.4,8,1
3069,2014/5/28,22.7,8,1
3070,2014/5/29,23.1,8,1
3071,2014/5/30,24.1,8,1
3072,2014/5/31,25.6,8,1
3073,2014/6/1,26.6,8,1
3074,2014/6/2,25.5,8,1
3075,2014/6/3,24.0,8,1
3076,2014/6/4,24.3,8,1
3077,2014/6/5,21.2,8,1
3078,2014/6/6,19.9,8,1
3079,2014/6/7,18.4,8,1
3080,2014/6/8,20.5,8,1
3081,2014/6/9,22.9,8,1
3082,2014/6/10,23.5,8,1
3083,2014/6/11,22.2,8,1
3084,2014/6/12,22.0,8,1
3085,2014/6/13,24.9,8,1
3086,2014/6/14,24.7,8,1
3087,2014/6/15,24.4,8,1
3088,2014/6/16,25.0,8,1
3089,2014/6/17,24.3,8,1
3090,2014/6/18,23.2,8,1
3091,2014/6/19,24.8,8,1
3092,2014/6/20,24.6,8,1
3093,2014/6/21,24.6,8,1
3094,2014/6/22,22.5,8,1
3095,2014/6/23,24.2,8,1
3096,2014/6/24,22.6,8,1
3097,2014/6/25,22.6,8,1
3098,2014/6/26,23.6,8,1
3099,2014/6/27,23.9,8,1
3100,2014/6/28,22.8,8,1
3101,2014/6/29,23.3,8,1
3102,2014/6/30,23.6,8,1
3103,2014/7/1,25.3,8,1
3104,2014/7/2,25.8,8,1
3105,2014/7/3,24.8,8,1
3106,2014/7/4,21.6,8,1
3107,2014/7/5,22.0,8,1
3108,2014/7/6,24.2,8,1
3109,2014/7/7,23.4,8,1
3110,2014/7/8,26.8,8,1
3111,2014/7/9,24.2,8,1
3112,2014/7/10,26.6,8,1
3113,2014/7/11,28.5,8,1
3114,2014/7/12,29.2,8,1
3115,2014/7/13,26.9,8,1
3116,2014/7/14,28.5,8,1
3117,2014/7/15,28.2,8,1
3118,2014/7/16,28.0,8,1
3119,2014/7/17,27.1,8,1
3120,2014/7/18,24.9,8,1
3121,2014/7/19,23.8,8,1
3122,2014/7/20,24.5,8,1
3123,2014/7/21,25.0,8,1
3124,2014/7/22,27.7,8,1
3125,2014/7/23,29.4,8,1
3126,2014/7/24,29.9,8,1
3127,2014/7/25,30.5,8,1
3128,2014/7/26,30.5,8,1
3129,2014/7/27,30.1,8,1
3130,2014/7/28,27.7,8,1
3131,2014/7/29,27.6,8,1
3132,2014/7/30,27.9,8,1
3133,2014/7/31,29.5,8,1
3134,2014/8/1,29.8,8,1
3135,2014/8/2,30.9,8,1
3136,2014/8/3,31.0,8,1
3137,2014/8/4,30.5,8,1
3138,2014/8/5,31.1,8,1
3139,2014/8/6,30.8,8,1
3140,2014/8/7,29.7,8,1
3141,2014/8/8,29.0,8,1
3142,2014/8/9,25.4,8,1
3143,2014/8/10,26.3,8,1
3144,2014/8/11,29.4,8,1
3145,2014/8/12,26.3,8,1
3146,2014/8/13,26.7,8,1
3147,2014/8/14,27.1,8,1
3148,2014/8/15,29.5,8,1
3149,2014/8/16,27.0,8,1
3150,2014/8/17,26.2,8,1
3151,2014/8/18,29.1,8,1
3152,2014/8/19,30.3,8,1
3153,2014/8/20,31.1,8,1
3154,2014/8/21,30.5,8,1
3155,2014/8/22,30.2,8,1
3156,2014/8/23,27.6,8,1
3157,2014/8/24,28.4,8,1
3158,2014/8/25,27.0,8,1
3159,2014/8/26,25.2,8,1
3160,2014/8/27,21.2,8,1
3161,2014/8/28,21.1,8,1
3162,2014/8/29,23.3,8,1
3163,2014/8/30,22.6,8,1
3164,2014/8/31,23.2,8,1
3165,2014/9/1,21.8,8,1
3166,2014/9/2,24.5,8,1
3167,2014/9/3,24.1,8,1
3168,2014/9/4,25.2,8,1
3169,2014/9/5,27.8,8,1
3170,2014/9/6,27.3,8,1
3171,2014/9/7,21.7,8,1
3172,2014/9/8,22.1,8,1
3173,2014/9/9,23.5,8,1
3174,2014/9/10,23.4,8,1
3175,2014/9/11,21.8,8,1
3176,2014/9/12,23.5,8,1
3177,2014/9/13,23.1,8,1
3178,2014/9/14,23.8,8,1
3179,2014/9/15,24.1,8,1
3180,2014/9/16,25.1,8,1
3181,2014/9/17,23.3,8,1
3182,2014/9/18,22.3,8,1
3183,2014/9/19,22.3,8,1
3184,2014/9/20,20.5,8,1
3185,2014/9/21,21.3,8,1
3186,2014/9/22,22.6,8,1
3187,2014/9/23,22.1,8,1
3188,2014/9/24,22.4,8,1
3189,2014/9/25,24.4,8,1
3190,2014/9/26,22.9,8,1
3191,2014/9/27,20.2,8,1
3192,2014/9/28,21.7,8,1
3193,2014/9/29,23.5,8,1
3194,2014/9/30,24.7,8,1
3195,2014/10/1,21.2,8,1
3196,2014/10/2,21.7,8,1
3197,2014/10/3,25.7,8,1
3198,2014/10/4,24.2,8,1
3199,2014/10/5,17.2,8,1
3200,2014/10/6,21.3,8,1
3201,2014/10/7,20.0,8,1
3202,2014/10/8,20.3,8,1
3203,2014/10/9,21.0,8,1
3204,2014/10/10,22.4,8,1
3205,2014/10/11,20.3,8,1
3206,2014/10/12,18.6,8,1
3207,2014/10/13,18.1,8,1
3208,2014/10/14,23.1,8,1
3209,2014/10/15,15.9,8,1
3210,2014/10/16,16.8,8,1
3211,2014/10/17,18.4,8,1
3212,2014/10/18,17.5,8,1
3213,2014/10/19,18.3,8,1
3214,2014/10/20,19.4,8,1
3215,2014/10/21,19.0,8,1
3216,2014/10/22,16.1,8,1
3217,2014/10/23,14.3,8,1
3218,2014/10/24,16.7,8,1
3219,2014/10/25,18.3,8,1
3220,2014/10/26,20.1,8,1
3221,2014/10/27,19.3,8,1
3222,2014/10/28,15.8,8,1
3223,2014/10/29,16.4,8,1
3224,2014/10/30,16.8,8,1
3225,2014/10/31,18.4,8,1
3226,2014/11/1,16.8,8,1
3227,2014/11/2,19.5,8,1
3228,2014/11/3,18.0,8,1
3229,2014/11/4,16.2,8,1
3230,2014/11/5,15.2,8,1
3231,2014/11/6,17.7,8,1
3232,2014/11/7,17.7,8,1
3233,2014/11/8,14.1,8,1
3234,2014/11/9,14.9,8,1
3235,2014/11/10,17.8,8,1
3236,2014/11/11,14.5,8,1
3237,2014/11/12,14.1,8,1
3238,2014/11/13,15.0,8,1
3239,2014/11/14,12.8,8,1
3240,2014/11/15,12.7,8,1
3241,2014/11/16,12.5,8,1
3242,2014/11/17,12.1,8,1
3243,2014/11/18,12.9,8,1
3244,2014/11/19,12.1,8,1
3245,2014/11/20,9.1,8,1
3246,2014/11/21,12.3,8,1
3247,2014/11/22,13.8,8,1
3248,2014/11/23,14.1,8,1
3249,2014/11/24,13.2,8,1
3250,2014/11/25,11.1,8,1
3251,2014/11/26,9.2,8,1
3252,2014/11/27,12.9,8,1
3253,2014/11/28,14.1,8,1
3254,2014/11/29,13.8,8,1
3255,2014/11/30,15.1,8,1
3256,2014/12/1,13.5,8,1
3257,2014/12/2,10.8,8,2
3258,2014/12/3,8.2,8,2
3259,2014/12/4,8.8,8,2
3260,2014/12/5,8.3,8,2
3261,2014/12/6,5.1,8,2
3262,2014/12/7,6.2,8,2
3263,2014/12/8,6.6,8,2
3264,2014/12/9,7.3,8,2
3265,2014/12/10,7.3,8,2
3266,2014/12/11,9.6,8,2
3267,2014/12/12,9.3,8,2
3268,2014/12/13,7.0,8,2
3269,2014/12/14,4.8,8,2
3270,2014/12/15,5.3,8,2
3271,2014/12/16,3.6,8,2
3272,2014/12/17,4.3,8,2
3273,2014/12/18,4.0,8,2
3274,2014/12/19,5.4,8,2
3275,2014/12/20,5.3,8,2
3276,2014/12/21,8.6,8,2
3277,2014/12/22,7.1,8,2
3278,2014/12/23,6.3,8,2
3279,2014/12/24,5.9,8,2
3280,2014/12/25,6.3,8,2
3281,2014/12/26,5.1,8,2
3282,2014/12/27,4.6,8,2
3283,2014/12/28,3.8,8,2
3284,2014/12/29,4.2,8,2
3285,2014/12/30,6.6,8,2
3286,2014/12/31,8.0,8,2
3287,2015/1/1,3.7,8,2
3288,2015/1/2,2.7,8,2
3289,2015/1/3,3.8,8,2
3290,2015/1/4,4.0,8,2
3291,2015/1/5,6.9,8,2
3292,2015/1/6,10.8,8,2
3293,2015/1/7,5.6,8,2
3294,2015/1/8,6.2,8,2
3295,2015/1/9,6.7,8,2
3296,2015/1/10,6.3,8,2
3297,2015/1/11,6.4,8,2
3298,2015/1/12,5.2,8,2
3299,2015/1/13,6.6,8,2
3300,2015/1/14,6.6,8,2
3301,2015/1/15,5.4,8,2
3302,2015/1/16,8.9,8,2
3303,2015/1/17,5.9,8,2
3304,2015/1/18,4.7,8,2
3305,2015/1/19,5.7,8,2
3306,2015/1/20,6.3,8,2
3307,2015/1/21,2.5,8,2
3308,2015/1/22,4.6,8,2
3309,2015/1/23,6.9,8,2
3310,2015/1/24,4.9,8,2
3311,2015/1/25,7.0,8,2
3312,2015/1/26,9.0,8,2
3313,2015/1/27,9.8,8,2
3314,2015/1/28,5.2,8,2
3315,2015/1/29,3.9,8,2
3316,2015/1/30,2.2,8,2
3317,2015/1/31,4.9,8,2
3318,2015/2/1,4.0,8,2
3319,2015/2/2,4.7,8,2
3320,2015/2/3,4.7,8,2
3321,2015/2/4,5.2,8,2
3322,2015/2/5,2.6,8,2
3323,2015/2/6,5.4,8,2
3324,2015/2/7,5.3,8,2
3325,2015/2/8,4.0,8,2
3326,2015/2/9,2.0,8,2
3327,2015/2/10,3.2,8,2
3328,2015/2/11,5.6,8,2
3329,2015/2/12,7.0,8,2
3330,2015/2/13,5.0,8,2
3331,2015/2/14,4.9,8,2
3332,2015/2/15,5.5,8,2
3333,2015/2/16,7.0,8,2
3334,2015/2/17,3.9,8,2
3335,2015/2/18,3.3,8,2
3336,2015/2/19,6.2,8,2
3337,2015/2/20,6.3,8,2
3338,2015/2/21,6.2,8,2
3339,2015/2/22,6.3,8,2
3340,2015/2/23,10.7,8,2
3341,2015/2/24,9.7,8,2
3342,2015/2/25,9.2,8,2
3343,2015/2/26,6.6,8,2
3344,2015/2/27,8.2,8,2
3345,2015/2/28,7.4,8,2
3346,2015/3/1,6.9,8,2
3347,2015/3/2,9.3,8,2
3348,2015/3/3,5.6,8,2
3349,2015/3/4,9.6,8,2
3350,2015/3/5,9.3,8,2
3351,2015/3/6,7.3,8,2
3352,2015/3/7,6.0,8,2
3353,2015/3/8,8.2,8,2
3354,2015/3/9,9.0,8,2
3355,2015/3/10,7.7,8,2
3356,2015/3/11,6.2,8,2
3357,2015/3/12,8.6,8,2
3358,2015/3/13,8.9,8,2
3359,2015/3/14,8.9,8,2
3360,2015/3/15,8.4,8,2
3361,2015/3/16,11.1,8,2
3362,2015/3/17,14.5,8,2
3363,2015/3/18,14.8,8,2
3364,2015/3/19,11.9,8,2
3365,2015/3/20,11.8,8,2
3366,2015/3/21,10.5,8,2
3367,2015/3/22,12.9,8,2
3368,2015/3/23,10.7,8,2
3369,2015/3/24,8.2,8,2
3370,2015/3/25,8.1,8,2
3371,2015/3/26,9.5,8,2
3372,2015/3/27,12.3,8,2
3373,2015/3/28,14.1,8,2
3374,2015/3/29,14.6,8,2
3375,2015/3/30,16.2,8,2
3376,2015/3/31,16.7,8,2
3377,2015/4/1,13.9,8,2
3378,2015/4/2,11.6,8,2
3379,2015/4/3,17.3,8,2
3380,2015/4/4,13.2,8,2
3381,2015/4/5,10.3,8,2
3382,2015/4/6,16.2,8,2
3383,2015/4/7,10.0,8,2
3384,2015/4/8,4.1,8,2
3385,2015/4/9,7.4,8,2
3386,2015/4/10,8.3,8,2
3387,2015/4/11,11.5,8,2
3388,2015/4/12,12.9,8,2
3389,2015/4/13,9.7,8,2
3390,2015/4/14,12.1,8,2
3391,2015/4/15,15.4,8,2
3392,2015/4/16,15.7,8,2
3393,2015/4/17,16.4,8,2
3394,2015/4/18,14.0,8,2
3395,2015/4/19,14.3,8,2
3396,2015/4/20,18.4,8,2
3397,2015/4/21,17.5,8,2
3398,2015/4/22,15.7,8,2
3399,2015/4/23,18.0,8,2
3400,2015/4/24,18.3,8,2
3401,2015/4/25,17.2,8,2
3402,2015/4/26,17.8,8,2
3403,2015/4/27,19.3,8,2
3404,2015/4/28,20.8,8,2
3405,2015/4/29,19.4,8,2
3406,2015/4/30,19.0,8,2
3407,2015/5/1,20.5,8,2
3408,2015/5/2,21.0,8,2
3409,2015/5/3,21.2,8,2
3410,2015/5/4,21.6,8,2
3411,2015/5/5,18.3,8,2
3412,2015/5/6,18.2,8,2
3413,2015/5/7,19.1,8,2
3414,2015/5/8,20.7,8,2
3415,2015/5/9,18.7,8,2
3416,2015/5/10,19.7,8,2
3417,2015/5/11,17.2,8,2
3418,2015/5/12,19.6,8,2
3419,2015/5/13,22.5,8,2
3420,2015/5/14,23.1,8,2
3421,2015/5/15,22.7,8,2
3422,2015/5/16,20.9,8,2
3423,2015/5/17,22.2,8,2
3424,2015/5/18,21.5,8,2
3425,2015/5/19,20.2,8,2
3426,2015/5/20,22.2,8,2
3427,2015/5/21,19.5,8,2
3428,2015/5/22,20.5,8,2
3429,2015/5/23,21.6,8,2
3430,2015/5/24,21.0,8,2
3431,2015/5/25,21.3,8,2
3432,2015/5/26,23.3,8,2
3433,2015/5/27,23.9,8,2
3434,2015/5/28,22.1,8,2
3435,2015/5/29,20.7,8,2
3436,2015/5/30,23.4,8,2
3437,2015/5/31,25.7,8,2
3438,2015/6/1,23.6,8,2
3439,2015/6/2,23.5,8,2
3440,2015/6/3,21.7,8,2
3441,2015/6/4,23.1,8,2
3442,2015/6/5,18.8,8,2
3443,2015/6/6,18.0,8,2
3444,2015/6/7,20.8,8,2
3445,2015/6/8,21.0,8,2
3446,2015/6/9,19.5,8,2
3447,2015/6/10,22.6,8,2
3448,2015/6/11,23.0,8,2
3449,2015/6/12,21.4,8,2
3450,2015/6/13,24.0,8,2
3451,2015/6/14,22.5,8,2
3452,2015/6/15,24.6,8,2
3453,2015/6/16,23.3,8,2
3454,2015/6/17,21.6,8,2
3455,2015/6/18,21.9,8,2
3456,2015/6/19,19.1,8,2
3457,2015/6/20,21.7,8,2
3458,2015/6/21,20.6,8,2
3459,2015/6/22,22.6,8,2
3460,2015/6/23,23.4,8,2
3461,2015/6/24,23.8,8,2
3462,2015/6/25,24.3,8,2
3463,2015/6/26,22.4,8,2
3464,2015/6/27,22.6,8,2
3465,2015/6/28,23.2,8,2
3466,2015/6/29,21.6,8,2
3467,2015/6/30,22.5,8,2
3468,2015/7/1,20.5,8,2
3469,2015/7/2,22.5,8,2
3470,2015/7/3,21.9,8,2
3471,2015/7/4,22.5,8,2
3472,2015/7/5,20.1,8,2
3473,2015/7/6,19.8,8,2
3474,2015/7/7,21.3,8,2
3475,2015/7/8,22.4,8,2
3476,2015/7/9,19.4,8,2
3477,2015/7/10,23.2,8,2
3478,2015/7/11,25.9,8,2
3479,2015/7/12,27.2,8,2
3480,2015/7/13,29.4,8,2
3481,2015/7/14,29.9,8,2
3482,2015/7/15,28.4,8,2
3483,2015/7/16,26.4,8,2
3484,2015/7/17,26.7,8,2
3485,2015/7/18,27.2,8,2
3486,2015/7/19,29.4,8,2
3487,2015/7/20,28.8,8,2
3488,2015/7/21,29.4,8,2
3489,2015/7/22,28.9,8,2
3490,2015/7/23,27.0,8,2
3491,2015/7/24,28.1,8,2
3492,2015/7/25,28.6,8,2
3493,2015/7/26,30.3,8,2
3494,2015/7/27,30.4,8,2
3495,2015/7/28,29.6,8,2
3496,2015/7/29,29.4,8,2
3497,2015/7/30,29.1,8,2
3498,2015/7/31,30.0,8,2
3499,2015/8/1,30.5,8,2
3500,2015/8/2,30.2,8,2
3501,2015/8/3,29.8,8,2
3502,2015/8/4,30.0,8,2
3503,2015/8/5,30.2,8,2
3504,2015/8/6,30.9,8,2
3505,2015/8/7,31.5,8,2
3506,2015/8/8,27.6,8,2
3507,2015/8/9,27.9,8,2
3508,2015/8/10,27.9,8,2
3509,2015/8/11,29.4,8,2
3510,2015/8/12,28.9,8,2
3511,2015/8/13,27.5,8,2
3512,2015/8/14,26.9,8,2
3513,2015/8/15,27.7,8,2
3514,2015/8/16,27.8,8,2
3515,2015/8/17,25.7,8,2
3516,2015/8/18,28.2,8,2
3517,2015/8/19,27.8,8,2
3518,2015/8/20,25.6,8,2
3519,2015/8/21,26.0,8,2
3520,2015/8/22,28.3,8,2
3521,2015/8/23,26.7,8,2
3522,2015/8/24,24.3,8,2
3523,2015/8/25,21.5,8,2
3524,2015/8/26,19.5,8,2
3525,2015/8/27,23.6,8,2
3526,2015/8/28,21.7,8,2
3527,2015/8/29,20.0,8,2
3528,2015/8/30,21.2,8,2
3529,2015/8/31,22.1,8,2
3530,2015/9/1,23.7,8,2
3531,2015/9/2,26.9,8,2
3532,2015/9/3,25.7,8,2
3533,2015/9/4,24.7,8,2
3534,2015/9/5,25.4,8,2
3535,2015/9/6,23.8,8,2
3536,2015/9/7,23.0,8,2
3537,2015/9/8,20.0,8,2
3538,2015/9/9,22.4,8,2
3539,2015/9/10,21.8,8,2
3540,2015/9/11,23.9,8,2
3541,2015/9/12,24.7,8,2
3542,2015/9/13,24.4,8,2
3543,2015/9/14,22.9,8,2
3544,2015/9/15,22.3,8,2
3545,2015/9/16,21.1,8,2
3546,2015/9/17,17.9,8,2
3547,2015/9/18,20.6,8,2
3548,2015/9/19,24.1,8,2
3549,2015/9/20,23.3,8,2
3550,2015/9/21,22.7,8,2
3551,2015/9/22,23.0,8,2
3552,2015/9/23,22.4,8,2
3553,2015/9/24,20.4,8,2
3554,2015/9/25,17.7,8,2
3555,2015/9/26,20.5,8,2
3556,2015/9/27,21.4,8,2
3557,2015/9/28,23.3,8,2
3558,2015/9/29,22.7,8,2
3559,2015/9/30,20.9,8,2
3560,2015/10/1,19.4,8,2
3561,2015/10/2,23.2,8,2
3562,2015/10/3,21.7,8,2
3563,2015/10/4,21.3,8,2
3564,2015/10/5,17.9,8,2
3565,2015/10/6,17.7,8,2
3566,2015/10/7,17.5,8,2
3567,2015/10/8,19.4,8,2
3568,2015/10/9,20.2,8,2
3569,2015/10/10,18.3,8,2
3570,2015/10/11,18.9,8,2
3571,2015/10/12,18.7,8,2
3572,2015/10/13,18.8,8,2
3573,2015/10/14,18.4,8,2
3574,2015/10/15,18.8,8,2
3575,2015/10/16,15.6,8,2
3576,2015/10/17,17.5,8,2
3577,2015/10/18,18.8,8,2
3578,2015/10/19,19.0,8,2
3579,2015/10/20,19.0,8,2
3580,2015/10/21,17.2,8,2
3581,2015/10/22,17.4,8,2
3582,2015/10/23,17.9,8,2
3583,2015/10/24,19.0,8,2
3584,2015/10/25,16.1,8,2
3585,2015/10/26,15.5,8,2
3586,2015/10/27,18.3,8,2
3587,2015/10/28,20.8,8,2
3588,2015/10/29,17.1,8,2
3589,2015/10/30,17.1,8,2
3590,2015/10/31,14.4,8,2
3591,2015/11/1,13.1,8,2
3592,2015/11/2,12.7,8,2
3593,2015/11/3,16.2,8,2
3594,2015/11/4,14.4,8,2
3595,2015/11/5,15.1,8,2
3596,2015/11/6,16.4,8,2
3597,2015/11/7,16.5,8,2
3598,2015/11/8,15.2,8,2
3599,2015/11/9,18.2,8,2
3600,2015/11/10,16.5,8,2
3601,2015/11/11,14.9,8,2
3602,2015/11/12,13.4,8,2
3603,2015/11/13,13.1,8,2
3604,2015/11/14,13.0,8,2
3605,2015/11/15,16.0,8,2
3606,2015/11/16,17.2,8,2
3607,2015/11/17,18.5,8,2
3608,2015/11/18,16.7,8,2
3609,2015/11/19,14.5,8,2
3610,2015/11/20,13.7,8,2
3611,2015/11/21,15.5,8,2
3612,2015/11/22,13.1,8,2
3613,2015/11/23,12.2,8,2
3614,2015/11/24,14.3,8,2
3615,2015/11/25,8.7,8,2
3616,2015/11/26,8.7,8,2
3617,2015/11/27,9.9,8,2
3618,2015/11/28,9.4,8,2
3619,2015/11/29,10.4,8,2
3620,2015/11/30,10.0,8,2
3621,2015/12/1,10.8,8,2
3622,2015/12/2,9.5,8,2
3623,2015/12/3,10.5,8,2
3624,2015/12/4,9.9,8,2
3625,2015/12/5,9.8,8,2
3626,2015/12/6,10.6,8,2
3627,2015/12/7,9.2,8,2
3628,2015/12/8,8.0,8,2
3629,2015/12/9,7.5,8,2
3630,2015/12/10,8.8,8,2
3631,2015/12/11,14.7,8,2
3632,2015/12/12,12.6,8,2
3633,2015/12/13,10.2,8,2
3634,2015/12/14,11.6,8,2
3635,2015/12/15,11.5,8,2
3636,2015/12/16,12.9,8,2
3637,2015/12/17,10.1,8,2
3638,2015/12/18,7.8,8,2
3639,2015/12/19,7.1,8,2
3640,2015/12/20,6.9,8,2
3641,2015/12/21,8.8,8,2
3642,2015/12/22,11.0,8,2
3643,2015/12/23,6.8,8,2
3644,2015/12/24,10.3,8,2
3645,2015/12/25,10.9,8,2
3646,2015/12/26,8.5,8,2
3647,2015/12/27,7.3,8,2
3648,2015/12/28,6.0,8,2
3649,2015/12/29,6.3,8,2
3650,2015/12/30,7.2,8,2
3651,2015/12/31,6.6,8,2
3652,2016/1/1,7.5,8,2
3653,2016/1/2,7.3,8,2
3654,2016/1/3,9.3,8,2
3655,2016/1/4,9.2,8,2
3656,2016/1/5,10.9,8,2
3657,2016/1/6,8.9,8,2
3658,2016/1/7,8.7,8,2
3659,2016/1/8,6.8,8,2
3660,2016/1/9,7.3,8,2
3661,2016/1/10,7.9,8,2
3662,2016/1/11,7.1,8,2
3663,2016/1/12,3.4,8,2
3664,2016/1/13,4.3,8,2
3665,2016/1/14,6.0,8,2
3666,2016/1/15,5.6,8,2
3667,2016/1/16,6.5,8,2
3668,2016/1/17,5.8,8,2
3669,2016/1/18,2.8,8,2
3670,2016/1/19,5.1,8,2
3671,2016/1/20,4.1,8,2
3672,2016/1/21,5.4,8,2
3673,2016/1/22,5.8,8,2
3674,2016/1/23,3.9,8,2
3675,2016/1/24,3.3,8,2
3676,2016/1/25,2.9,8,2
3677,2016/1/26,3.8,8,2
3678,2016/1/27,6.3,8,2
3679,2016/1/28,7.8,8,2
3680,2016/1/29,5.4,8,2
3681,2016/1/30,3.3,8,2
3682,2016/1/31,6.1,8,2
3683,2016/2/1,4.7,8,2
3684,2016/2/2,6.0,8,2
3685,2016/2/3,5.0,8,2
3686,2016/2/4,5.1,8,2
3687,2016/2/5,7.5,8,2
3688,2016/2/6,6.7,8,2
3689,2016/2/7,5.0,8,2
3690,2016/2/8,4.4,8,2
3691,2016/2/9,6.6,8,2
3692,2016/2/10,6.0,8,2
3693,2016/2/11,6.0,8,2
3694,2016/2/12,7.2,8,2
3695,2016/2/13,14.0,8,2
3696,2016/2/14,18.5,8,2
3697,2016/2/15,8.1,8,2
3698,2016/2/16,5.6,8,2
3699,2016/2/17,6.2,8,2
3700,2016/2/18,6.2,8,2
3701,2016/2/19,9.7,8,2
3702,2016/2/20,8.0,8,2
3703,2016/2/21,9.5,8,2
3704,2016/2/22,6.7,8,2
3705,2016/2/23,6.7,8,2
3706,2016/2/24,5.8,8,2
3707,2016/2/25,3.8,8,2
3708,2016/2/26,5.8,8,2
3709,2016/2/27,7.8,8,2
3710,2016/2/28,8.7,8,2
3711,2016/2/29,8.3,8,2
3712,2016/3/1,5.2,8,2
3713,2016/3/2,6.3,8,2
3714,2016/3/3,9.2,8,2
3715,2016/3/4,10.4,8,2
3716,2016/3/5,10.7,8,2
3717,2016/3/6,13.2,8,2
3718,2016/3/7,14.1,8,2
3719,2016/3/8,15.8,8,2
3720,2016/3/9,8.7,8,2
3721,2016/3/10,6.1,8,2
3722,2016/3/11,4.6,8,2
3723,2016/3/12,5.8,8,2
3724,2016/3/13,6.7,8,2
3725,2016/3/14,5.7,8,2
3726,2016/3/15,8.1,8,2
3727,2016/3/16,8.7,8,2
3728,2016/3/17,13.1,8,2
3729,2016/3/18,14.8,8,2
3730,2016/3/19,14.9,8,2
3731,2016/3/20,13.4,8,2
3732,2016/3/21,9.5,8,2
3733,2016/3/22,11.0,8,2
3734,2016/3/23,11.5,8,2
3735,2016/3/24,6.3,8,2
3736,2016/3/25,8.1,8,2
3737,2016/3/26,8.0,8,2
3738,2016/3/27,10.4,8,2
3739,2016/3/28,11.3,8,2
3740,2016/3/29,13.0,8,2
3741,2016/3/30,14.9,8,2
3742,2016/3/31,14.9,8,2
3743,2016/4/1,12.8,8,2
3744,2016/4/2,10.5,8,2
3745,2016/4/3,13.1,8,2
3746,2016/4/4,15.6,8,2
3747,2016/4/5,10.8,8,2
3748,2016/4/6,14.6,8,2
3749,2016/4/7,13.8,8,2
3750,2016/4/8,16.1,8,2
3751,2016/4/9,17.1,8,2
3752,2016/4/10,17.2,8,2
3753,2016/4/11,11.6,8,2
3754,2016/4/12,10.5,8,2
3755,2016/4/13,14.4,8,2
3756,2016/4/14,15.0,8,2
3757,2016/4/15,16.3,8,2
3758,2016/4/16,15.8,8,2
3759,2016/4/17,19.2,8,2
3760,2016/4/18,18.9,8,2
3761,2016/4/19,16.2,8,2
3762,2016/4/20,14.9,8,2
3763,2016/4/21,16.5,8,2
3764,2016/4/22,17.3,8,2
3765,2016/4/23,17.9,8,2
3766,2016/4/24,15.7,8,2
3767,2016/4/25,18.1,8,2
3768,2016/4/26,19.2,8,2
3769,2016/4/27,18.1,8,2
3770,2016/4/28,14.4,8,2
3771,2016/4/29,15.8,8,2
3772,2016/4/30,16.0,8,2
3773,2016/5/1,18.2,8,2
3774,2016/5/2,17.4,8,2
3775,2016/5/3,20.4,8,2
3776,2016/5/4,22.1,8,2
3777,2016/5/5,22.1,8,2
3778,2016/5/6,18.1,8,2
3779,2016/5/7,21.2,8,2
3780,2016/5/8,21.3,8,2
3781,2016/5/9,18.5,8,2
3782,2016/5/10,18.4,8,2
3783,2016/5/11,21.4,8,2
3784,2016/5/12,21.7,8,2
3785,2016/5/13,21.2,8,2
3786,2016/5/14,19.8,8,2
3787,2016/5/15,17.6,8,2
3788,2016/5/16,19.0,8,2
3789,2016/5/17,18.3,8,2
3790,2016/5/18,20.0,8,2
3791,2016/5/19,19.3,8,2
3792,2016/5/20,17.2,8,2
3793,2016/5/21,19.1,8,2
3794,2016/5/22,22.4,8,2
3795,2016/5/23,23.5,8,2
3796,2016/5/24,23.4,8,2
3797,2016/5/25,22.2,8,2
3798,2016/5/26,23.0,8,2
3799,2016/5/27,19.4,8,2
3800,2016/5/28,19.3,8,2
3801,2016/5/29,21.7,8,2
3802,2016/5/30,17.4,8,2
3803,2016/5/31,20.4,8,2
3804,2016/6/1,21.5,8,2
3805,2016/6/2,20.7,8,2
3806,2016/6/3,19.4,8,2
3807,2016/6/4,21.7,8,2
3808,2016/6/5,19.3,8,2
3809,2016/6/6,20.0,8,2
3810,2016/6/7,19.6,8,2
3811,2016/6/8,21.9,8,2
3812,2016/6/9,21.2,8,2
3813,2016/6/10,23.5,8,2
3814,2016/6/11,23.5,8,2
3815,2016/6/12,23.9,8,2
3816,2016/6/13,19.8,8,2
3817,2016/6/14,22.2,8,2
3818,2016/6/15,20.8,8,2
3819,2016/6/16,22.1,8,2
3820,2016/6/17,24.2,8,2
3821,2016/6/18,26.7,8,2
3822,2016/6/19,24.3,8,2
3823,2016/6/20,24.3,8,2
3824,2016/6/21,22.7,8,2
3825,2016/6/22,22.7,8,2
3826,2016/6/23,23.0,8,2
3827,2016/6/24,22.7,8,2
3828,2016/6/25,25.4,8,2
3829,2016/6/26,25.5,8,2
3830,2016/6/27,24.4,8,2
3831,2016/6/28,19.1,8,2
3832,2016/6/29,21.5,8,2
3833,2016/6/30,23.0,8,2
3834,2016/7/1,25.6,8,2
3835,2016/7/2,27.0,8,2
3836,2016/7/3,29.2,8,2
3837,2016/7/4,27.8,8,2
3838,2016/7/5,21.7,8,2
3839,2016/7/6,23.1,8,2
3840,2016/7/7,27.4,8,2
3841,2016/7/8,25.3,8,2
3842,2016/7/9,22.4,8,2
3843,2016/7/10,25.6,8,2
3844,2016/7/11,28.0,8,2
3845,2016/7/12,27.1,8,2
3846,2016/7/13,25.1,8,2
3847,2016/7/14,25.9,8,2
3848,2016/7/15,22.2,8,2
3849,2016/7/16,24.1,8,2
3850,2016/7/17,25.9,8,2
3851,2016/7/18,28.7,8,2
3852,2016/7/19,27.3,8,2
3853,2016/7/20,26.3,8,2
3854,2016/7/21,21.8,8,2
3855,2016/7/22,21.4,8,2
3856,2016/7/23,22.4,8,2
3857,2016/7/24,23.9,8,2
3858,2016/7/25,24.7,8,2
3859,2016/7/26,23.8,8,2
3860,2016/7/27,24.5,8,2
3861,2016/7/28,26.5,8,2
3862,2016/7/29,27.2,8,2
3863,2016/7/30,27.2,8,2
3864,2016/7/31,27.5,8,2
3865,2016/8/1,27.4,8,2
3866,2016/8/2,25.9,8,2
3867,2016/8/3,26.8,8,2
3868,2016/8/4,28.1,8,2
3869,2016/8/5,28.7,8,2
3870,2016/8/6,29.1,8,2
3871,2016/8/7,28.6,8,2
3872,2016/8/8,28.5,8,2
3873,2016/8/9,31.9,8,2
3874,2016/8/10,29.1,8,2
3875,2016/8/11,27.3,8,2
3876,2016/8/12,26.7,8,2
3877,2016/8/13,26.5,8,2
3878,2016/8/14,26.0,8,2
3879,2016/8/15,26.6,8,2
3880,2016/8/16,26.9,8,2
3881,2016/8/17,28.7,8,2
3882,2016/8/18,26.9,8,2
3883,2016/8/19,27.6,8,2
3884,2016/8/20,25.7,8,2
3885,2016/8/21,27.9,8,2
3886,2016/8/22,25.7,8,2
3887,2016/8/23,26.8,8,2
3888,2016/8/24,26.5,8,2
3889,2016/8/25,28.0,8,2
3890,2016/8/26,28.3,8,2
3891,2016/8/27,24.3,8,2
3892,2016/8/28,22.6,8,2
3893,2016/8/29,25.6,8,2
3894,2016/8/30,25.1,8,2
3895,2016/8/31,26.8,8,2
3896,2016/9/1,27.0,8,2
3897,2016/9/2,26.7,8,2
3898,2016/9/3,27.2,8,2
3899,2016/9/4,26.7,8,2
3900,2016/9/5,28.4,8,2
3901,2016/9/6,28.8,8,2
3902,2016/9/7,27.1,8,2
3903,2016/9/8,26.4,8,2
3904,2016/9/9,27.0,8,2
3905,2016/9/10,26.6,8,2
3906,2016/9/11,23.2,8,2
3907,2016/9/12,24.7,8,2
3908,2016/9/13,22.6,8,2
3909,2016/9/14,23.1,8,2
3910,2016/9/15,24.1,8,2
3911,2016/9/16,22.9,8,2
3912,2016/9/17,25.3,8,2
3913,2016/9/18,24.6,8,2
3914,2016/9/19,21.3,8,2
3915,2016/9/20,19.1,8,2
3916,2016/9/21,20.1,8,2
3917,2016/9/22,19.4,8,2
3918,2016/9/23,20.8,8,2
3919,2016/9/24,21.8,8,2
3920,2016/9/25,23.6,8,2
3921,2016/9/26,25.4,8,2
3922,2016/9/27,25.6,8,2
3923,2016/9/28,26.5,8,2
3924,2016/9/29,24.6,8,2
3925,2016/9/30,21.4,8,2
3926,2016/10/1,19.7,8,2
3927,2016/10/2,23.1,8,2
3928,2016/10/3,22.7,8,2
3929,2016/10/4,24.9,8,2
3930,2016/10/5,24.0,8,2
3931,2016/10/6,26.0,8,2
3932,2016/10/7,21.4,8,2
3933,2016/10/8,21.2,8,2
3934,2016/10/9,22.3,8,2
3935,2016/10/10,18.4,8,2
3936,2016/10/11,17.6,8,2
3937,2016/10/12,17.9,8,2
3938,2016/10/13,16.5,8,2
3939,2016/10/14,15.6,8,2
3940,2016/10/15,16.7,8,2
3941,2016/10/16,17.4,8,2
3942,2016/10/17,17.5,8,2
3943,2016/10/18,20.9,8,2
3944,2016/10/19,20.8,8,2
3945,2016/10/20,21.9,8,2
3946,2016/10/21,18.2,8,2
3947,2016/10/22,16.7,8,2
3948,2016/10/23,18.1,8,2
3949,2016/10/24,14.9,8,2
3950,2016/10/25,14.0,8,2
3951,2016/10/26,19.1,8,2
3952,2016/10/27,19.0,8,2
3953,2016/10/28,12.2,8,2
3954,2016/10/29,15.5,8,2
3955,2016/10/30,11.9,8,2
3956,2016/10/31,14.3,8,2
3957,2016/11/1,13.4,8,2
3958,2016/11/2,10.9,8,2
3959,2016/11/3,12.9,8,2
3960,2016/11/4,14.0,8,2
3961,2016/11/5,14.6,8,2
3962,2016/11/6,14.8,8,2
3963,2016/11/7,11.0,8,2
3964,2016/11/8,9.9,8,2
3965,2016/11/9,10.4,8,2
3966,2016/11/10,9.6,8,2
3967,2016/11/11,9.0,8,2
3968,2016/11/12,13.6,8,2
3969,2016/11/13,13.6,8,2
3970,2016/11/14,13.7,8,2
3971,2016/11/15,15.3,8,2
3972,2016/11/16,12.5,8,2
3973,2016/11/17,12.6,8,2
3974,2016/11/18,11.3,8,2
3975,2016/11/19,9.8,8,2
3976,2016/11/20,13.6,8,2
3977,2016/11/21,12.6,8,2
3978,2016/11/22,14.0,8,2
3979,2016/11/23,11.4,8,2
3980,2016/11/24,2.8,8,2
3981,2016/11/25,5.6,8,2
3982,2016/11/26,8.3,8,2
3983,2016/11/27,10.6,8,2
3984,2016/11/28,11.1,8,2
3985,2016/11/29,10.5,8,2
3986,2016/11/30,8.8,8,2
3987,2016/12/1,10.0,8,2
3988,2016/12/2,11.5,8,2
3989,2016/12/3,10.8,8,2
3990,2016/12/4,11.6,8,2
3991,2016/12/5,12.7,8,2
3992,2016/12/6,10.8,8,2
3993,2016/12/7,7.5,8,2
3994,2016/12/8,8.6,8,2
3995,2016/12/9,11.1,8,2
3996,2016/12/10,8.5,8,2
3997,2016/12/11,6.8,8,2
3998,2016/12/12,7.0,8,2
3999,2016/12/13,9.4,8,2
4000,2016/12/14,8.1,8,2
4001,2016/12/15,6.2,8,2
4002,2016/12/16,4.8,8,2
4003,2016/12/17,6.7,8,2
4004,2016/12/18,8.2,8,2
4005,2016/12/19,10.0,8,2
4006,2016/12/20,9.6,8,2
4007,2016/12/21,10.5,8,2
4008,2016/12/22,14.6,8,2
4009,2016/12/23,14.0,8,2
4010,2016/12/24,8.6,8,2
4011,2016/12/25,6.6,8,2
4012,2016/12/26,6.9,8,2
4013,2016/12/27,11.1,8,2
4014,2016/12/28,6.0,8,2
4015,2016/12/29,4.3,8,2
4016,2016/12/30,6.0,8,2
4017,2016/12/31,6.3,8,2
